"feature id","feature label","shid","geoid","Management, Business, Science, and Arts Occupations Commute by Drive Alone (2020-2024)","Service Occupations Commute by Drive Alone (2020-2024)","Sales and Office Occupations Commute by Drive Alone (2020-2024)","Natural Resources, Construction, and Maintenance Occupations Commute by Drive Alone (2020-2024)","Production, Transportation, and Material Moving Occupations Commute by Drive Alone (2020-2024)","Military Occupations Commute by Drive Alone (2020-2024)","Management, Business, Science, and Arts Occupations Commute by Drive Carpool (2020-2024)","Service Occupations Commute by Drive Carpool (2020-2024)","Sales and Office Occupations Commute by Drive Carpool (2020-2024)","Natural Resources, Construction, and Maintenance Occupations Commute by Drive Carpool (2020-2024)","Production, Transportation, and Material Moving Occupations Commute by Drive Carpool (2020-2024)","Military Occupations Commute by Drive Carpool (2020-2024)","Management, Business, Science, and Arts Occupations Commute by Public Transit (2020-2024)","Service Occupations Commute by Public Transit (2020-2024)","Sales and Office Occupations Commute by Public Transit (2020-2024)","Natural Resources, Construction, and Maintenance Occupations Commute by Public Transit (2020-2024)","Production, Transportation, and Material Moving Occupations Commute by Public Transit (2020-2024)","Military Occupations Commute by Public Transit (2020-2024)","Management, Business, Science, and Arts Occupations Commute by Walk (2020-2024)","Service Occupations Commute by Walk (2020-2024)","Sales and Office Occupations Commute by Walk (2020-2024)","Natural Resources, Construction, and Maintenance Occupations Commute by Walk (2020-2024)","Production, Transportation, and Material Moving Occupations Commute by Walk (2020-2024)","Military Occupations Commute by Walk (2020-2024)","Management, Business, Science, and Arts Occupations Commute by Bicycle, Taxi, Ride Hailing Service, Motorcycle, or Other (2020-2024)","Service Occupations Commute by Bicycle, Taxi, Ride Hailing Service, Motorcycle, or Other (2020-2024)","Sales and Office Occupations Commute by Bicycle, Taxi, Ride Hailing Service, Motorcycle, or Other (2020-2024)","Natural Resources, Construction, and Maintenance Occupations Commute by Bicycle, Taxi, Ride Hailing Service, Motorcycle, or Other (2020-2024)","Production, Transportation, and Material Moving Occupations Commute by Bicycle, Taxi, Ride Hailing Service, Motorcycle, or Other (2020-2024)","Military Occupations Commute by Bicycle, Taxi, Ride Hailing Service, Motorcycle, or Other (2020-2024)"
"publicpolygonfeature:5:34186","ZIP Code 08029","country:us/state:nj/zip:08029","08029","793","311","298","113","201","0","22","139","40","20","62","0","41","0","0","0","0","0","9","0","0","0","0","0","10","13","0","11","0","0"
"publicpolygonfeature:5:34855","ZIP Code 08003","country:us/state:nj/zip:08003","08003","5728","948","1633","402","357","0","421","387","132","8","92","0","514","67","81","6","12","0","87","37","7","0","3","0","252","6","0","21","7","0"
"publicpolygonfeature:5:34869","ZIP Code 08065","country:us/state:nj/zip:08065","08065","997","396","845","199","410","0","84","51","133","0","21","0","73","0","46","0","30","0","9","17","35","0","65","0","0","8","16","13","24","0"
"publicpolygonfeature:5:34888","ZIP Code 08001","country:us/state:nj/zip:08001","08001","78","34","113","198","90","0","0","0","0","0","0","0","0","0","0","0","0","0","9","0","0","0","0","0","0","0","0","0","61","0"
"publicpolygonfeature:5:34889","ZIP Code 08002","country:us/state:nj/zip:08002","08002","3880","813","1564","459","784","0","298","98","178","67","145","0","215","13","55","107","41","0","86","113","9","0","36","0","13","14","9","0","19","0"
"publicpolygonfeature:5:34898","ZIP Code 08004","country:us/state:nj/zip:08004","08004","1930","790","1150","642","437","0","146","148","155","64","26","0","0","0","0","0","17","0","0","24","0","10","0","0","0","0","0","0","17","0"
"publicpolygonfeature:5:34901","ZIP Code 08007","country:us/state:nj/zip:08007","08007","1347","316","478","124","150","0","67","27","31","11","25","0","27","0","0","0","0","0","0","0","0","0","38","0","39","0","0","0","0","0"
"publicpolygonfeature:5:34903","ZIP Code 08014","country:us/state:nj/zip:08014","08014","35","0","51","71","16","0","0","0","0","29","0","0","0","0","0","0","0","0","0","0","0","0","0","0","0","0","0","0","0","0"
"publicpolygonfeature:5:34904","ZIP Code 08009","country:us/state:nj/zip:08009","08009","2220","992","1464","327","747","0","50","22","81","34","171","0","48","24","67","0","63","0","0","17","138","0","0","0","61","18","0","0","0","0"
"publicpolygonfeature:5:34905","ZIP Code 08010","country:us/state:nj/zip:08010","08010","1415","622","858","525","887","0","196","91","194","53","11","0","123","13","15","85","19","0","0","0","24","4","0","0","56","0","0","14","0","0"
"publicpolygonfeature:5:34906","ZIP Code 08011","country:us/state:nj/zip:08011","08011","12","0","0","0","11","0","0","0","0","0","0","0","0","0","0","0","0","0","0","0","0","0","11","0","0","0","0","0","0","0"
"publicpolygonfeature:5:34907","ZIP Code 08012","country:us/state:nj/zip:08012","08012","6369","2593","3774","1242","2151","11","411","248","641","52","148","0","270","104","190","38","54","0","45","15","21","27","127","0","51","28","56","31","176","0"
"publicpolygonfeature:5:34909","ZIP Code 08015","country:us/state:nj/zip:08015","08015","1966","1617","805","920","1349","202","324","560","180","106","429","54","0","0","0","0","0","0","109","4","15","0","159","0","53","49","66","0","0","0"
"publicpolygonfeature:5:34910","ZIP Code 08016","country:us/state:nj/zip:08016","08016","5495","1943","2980","922","2154","21","396","200","374","77","257","0","240","129","107","18","128","14","87","38","7","0","19","0","46","60","19","88","51","0"
"publicpolygonfeature:5:34911","ZIP Code 08019","country:us/state:nj/zip:08019","08019","184","32","75","15","49","0","2","0","5","0","2","0","0","0","0","0","0","0","3","3","0","0","0","0","6","4","0","0","4","0"
"publicpolygonfeature:5:34912","ZIP Code 08020","country:us/state:nj/zip:08020","08020","558","98","197","56","35","30","11","0","15","0","0","0","12","0","0","0","0","0","0","0","0","0","0","0","0","0","0","0","0","0"
"publicpolygonfeature:5:34913","ZIP Code 08021","country:us/state:nj/zip:08021","08021","5901","3633","3863","1151","3425","12","584","372","455","455","534","0","450","125","92","14","135","0","76","156","129","125","61","0","94","416","56","3","90","0"
"publicpolygonfeature:5:34914","ZIP Code 08022","country:us/state:nj/zip:08022","08022","1746","465","368","155","206","19","57","13","23","21","0","0","76","0","73","0","0","0","3","0","0","6","0","0","0","0","0","0","0","0"
"publicpolygonfeature:5:34915","ZIP Code 08023","country:us/state:nj/zip:08023","08023","21","105","94","0","41","0","0","0","0","0","0","0","0","0","0","0","0","0","0","0","0","0","0","0","0","0","0","0","0","0"
"publicpolygonfeature:5:34916","ZIP Code 08026","country:us/state:nj/zip:08026","08026","336","65","176","53","59","0","22","7","17","7","0","0","14","0","35","0","1","0","2","0","0","0","0","0","0","28","18","13","0","0"
"publicpolygonfeature:5:34917","ZIP Code 08027","country:us/state:nj/zip:08027","08027","714","178","412","272","195","0","9","29","24","0","11","0","27","20","0","0","0","0","15","0","0","0","0","0","0","0","0","0","0","0"
"publicpolygonfeature:5:34918","ZIP Code 08028","country:us/state:nj/zip:08028","08028","2953","1411","1825","802","995","0","107","179","201","88","74","0","80","29","143","0","35","0","272","158","227","0","61","0","134","49","109","0","0","0"
"publicpolygonfeature:5:34919","ZIP Code 08030","country:us/state:nj/zip:08030","08030","1398","1021","737","316","716","0","102","187","244","28","85","0","18","6","20","3","4","0","29","102","61","0","131","0","48","8","39","0","10","0"
"publicpolygonfeature:5:34920","ZIP Code 08031","country:us/state:nj/zip:08031","08031","1760","692","873","385","486","0","84","97","61","22","115","0","48","0","0","0","8","0","17","9","91","10","59","0","0","4","33","0","0","0"
"publicpolygonfeature:5:34921","ZIP Code 08033","country:us/state:nj/zip:08033","08033","3475","354","679","139","156","0","218","17","20","13","8","15","610","43","96","21","0","0","115","57","10","0","31","0","69","7","17","0","8","0"
"publicpolygonfeature:5:34922","ZIP Code 08034","country:us/state:nj/zip:08034","08034","3935","1151","1320","397","449","0","214","278","132","39","69","0","271","143","57","0","20","0","50","64","40","0","17","0","0","17","132","0","0","0"
"publicpolygonfeature:5:34923","ZIP Code 08035","country:us/state:nj/zip:08035","08035","1458","336","279","239","140","0","106","33","27","4","7","0","109","44","22","6","0","0","19","7","0","0","0","0","29","26","22","0","0","0"
"publicpolygonfeature:5:34924","ZIP Code 08036","country:us/state:nj/zip:08036","08036","1000","209","595","170","315","0","18","0","0","0","52","0","8","58","26","27","0","0","0","17","125","0","0","0","0","0","0","20","0","0"
"publicpolygonfeature:5:34926","ZIP Code 08037","country:us/state:nj/zip:08037","08037","3089","1778","1808","1161","922","27","203","159","180","129","284","0","37","14","3","6","10","0","12","0","0","46","27","0","29","86","0","7","34","0"
"publicpolygonfeature:5:34927","ZIP Code 08038","country:us/state:nj/zip:08038","08038","17","31","41","43","22","0","0","4","11","6","0","0","0","0","0","0","0","0","0","0","0","0","0","0","0","13","0","0","0","0"
"publicpolygonfeature:5:34928","ZIP Code 08039","country:us/state:nj/zip:08039","08039","0","5","7","0","0","0","0","0","0","0","0","0","0","0","0","0","0","0","0","0","0","0","0","0","0","0","0","0","0","0"
"publicpolygonfeature:5:34929","ZIP Code 08041","country:us/state:nj/zip:08041","08041","110","16","37","34","52","0","0","0","0","0","0","0","0","0","0","0","0","0","6","0","0","0","0","0","0","0","0","0","0","0"
"publicpolygonfeature:5:34930","ZIP Code 08042","country:us/state:nj/zip:08042","08042","80","7","0","7","0","0","0","0","0","0","0","0","0","0","0","0","0","0","0","0","0","0","0","0","5","5","0","0","0","0"
"publicpolygonfeature:5:34931","ZIP Code 08043","country:us/state:nj/zip:08043","08043","5951","1111","1976","237","840","0","255","121","117","87","12","12","444","10","48","0","0","0","43","0","74","0","0","0","79","10","16","0","0","0"
"publicpolygonfeature:5:34932","ZIP Code 08045","country:us/state:nj/zip:08045","08045","250","284","202","63","257","9","0","63","22","0","0","0","167","0","6","4","0","0","0","41","0","0","13","0","0","0","0","0","29","0"
"publicpolygonfeature:5:34933","ZIP Code 08046","country:us/state:nj/zip:08046","08046","3976","2202","2731","837","2218","65","388","363","305","190","234","0","243","80","141","42","63","0","0","0","0","0","0","0","7","12","74","21","80","0"
"publicpolygonfeature:5:34934","ZIP Code 08048","country:us/state:nj/zip:08048","08048","2321","697","995","321","606","51","216","48","46","5","5","0","58","0","19","9","0","0","23","17","0","0","9","0","54","36","40","7","17","0"
"publicpolygonfeature:5:34935","ZIP Code 08049","country:us/state:nj/zip:08049","08049","596","289","594","288","278","16","39","8","25","0","9","0","39","19","0","11","8","0","8","9","0","17","0","0","39","8","0","0","49","0"
"publicpolygonfeature:5:34937","ZIP Code 08051","country:us/state:nj/zip:08051","08051","2383","715","1360","377","565","0","64","1","28","12","15","0","11","0","0","13","121","0","0","0","115","0","0","0","41","328","133","0","0","0"
"publicpolygonfeature:5:34938","ZIP Code 08052","country:us/state:nj/zip:08052","08052","3462","830","1676","697","862","24","207","159","145","178","204","0","121","0","110","0","7","0","18","122","0","0","27","0","27","28","48","0","0","0"
"publicpolygonfeature:5:34939","ZIP Code 08053","country:us/state:nj/zip:08053","08053","10989","2250","3658","616","990","101","410","224","201","87","64","0","314","121","57","0","0","0","60","12","22","0","0","0","140","77","13","0","53","0"
"publicpolygonfeature:5:34940","ZIP Code 08054","country:us/state:nj/zip:08054","08054","10835","2278","3592","828","1214","91","435","108","364","10","84","0","270","128","4","0","0","0","77","15","65","0","0","0","44","24","23","0","15","0"
"publicpolygonfeature:5:34941","ZIP Code 08055","country:us/state:nj/zip:08055","08055","5703","1104","2028","462","618","12","154","36","36","8","25","0","484","0","37","0","0","0","23","17","0","0","0","0","15","38","27","0","0","0"
"publicpolygonfeature:5:34942","ZIP Code 08056","country:us/state:nj/zip:08056","08056","945","255","325","129","155","0","84","42","31","11","0","0","57","0","0","3","0","0","0","0","0","44","0","0","0","12","0","0","0","0"
"publicpolygonfeature:5:34943","ZIP Code 08057","country:us/state:nj/zip:08057","08057","4211","466","1655","120","477","0","146","25","0","76","0","0","105","0","38","0","0","0","30","32","34","0","0","0","67","0","12","7","0","0"
"publicpolygonfeature:5:34944","ZIP Code 08059","country:us/state:nj/zip:08059","08059","817","359","522","387","239","0","75","74","26","49","0","0","59","24","38","0","0","0","0","0","0","0","0","0","0","0","13","0","0","0"
"publicpolygonfeature:5:34945","ZIP Code 08060","country:us/state:nj/zip:08060","08060","4697","1514","1759","828","1169","158","241","176","361","43","129","0","78","12","100","58","29","0","35","21","70","0","10","0","47","153","16","0","9","17"
"publicpolygonfeature:5:34946","ZIP Code 08061","country:us/state:nj/zip:08061","08061","1033","108","124","109","203","0","37","0","13","0","0","0","0","0","0","0","0","0","0","0","7","0","0","0","0","0","0","0","0","0"
"publicpolygonfeature:5:34947","ZIP Code 08062","country:us/state:nj/zip:08062","08062","3059","683","1154","655","473","0","235","104","133","26","100","0","18","0","13","0","8","0","25","11","1","5","0","0","19","0","25","50","0","0"
"publicpolygonfeature:5:34948","ZIP Code 08063","country:us/state:nj/zip:08063","08063","381","209","240","156","144","0","29","14","3","8","28","0","7","27","13","6","18","0","1","21","4","0","5","0","0","0","25","0","0","0"
"publicpolygonfeature:5:34949","ZIP Code 08064","country:us/state:nj/zip:08064","08064","0","0","0","0","0","0","0","0","0","0","0","0","0","0","0","0","0","0","0","0","0","0","0","0","0","0","0","0","0","0"
"publicpolygonfeature:5:34951","ZIP Code 08066","country:us/state:nj/zip:08066","08066","1048","470","446","116","735","0","49","65","65","21","91","0","0","0","0","0","22","0","0","0","19","25","0","0","0","0","13","0","0","0"
"publicpolygonfeature:5:34952","ZIP Code 08067","country:us/state:nj/zip:08067","08067","235","65","91","48","90","0","35","0","5","3","2","0","0","0","0","0","0","0","26","0","6","0","0","0","3","0","0","0","29","0"
"publicpolygonfeature:5:34953","ZIP Code 08068","country:us/state:nj/zip:08068","08068","823","324","528","227","362","74","94","61","83","17","14","6","9","0","4","0","0","0","5","0","5","0","28","0","16","11","0","0","0","0"
"publicpolygonfeature:5:34954","ZIP Code 08069","country:us/state:nj/zip:08069","08069","1195","771","1097","404","780","0","120","60","122","8","190","0","9","1","0","0","23","0","14","13","26","8","12","0","18","14","136","0","20","0"
"publicpolygonfeature:5:34956","ZIP Code 08070","country:us/state:nj/zip:08070","08070","1844","510","1042","340","565","0","67","175","69","20","21","0","0","0","0","0","0","0","6","0","31","0","16","0","0","0","0","0","27","0"
"publicpolygonfeature:5:34957","ZIP Code 08071","country:us/state:nj/zip:08071","08071","1738","531","785","358","414","0","64","61","53","0","71","0","7","5","17","0","14","0","14","20","0","26","0","0","15","0","30","0","0","0"
"publicpolygonfeature:5:34958","ZIP Code 08072","country:us/state:nj/zip:08072","08072","0","27","12","0","10","0","0","0","0","0","0","0","0","0","0","0","0","0","16","0","0","0","0","0","0","0","0","0","0","0"
"publicpolygonfeature:5:34959","ZIP Code 08073","country:us/state:nj/zip:08073","08073","0","0","0","0","0","0","0","0","0","0","0","0","0","0","0","0","0","0","0","0","0","0","0","0","0","0","0","0","0","0"
"publicpolygonfeature:5:34960","ZIP Code 08074","country:us/state:nj/zip:08074","08074","0","0","0","0","0","0","0","0","0","0","0","0","0","0","0","0","0","0","0","0","0","0","0","0","0","0","0","0","0","0"
"publicpolygonfeature:5:34961","ZIP Code 08075","country:us/state:nj/zip:08075","08075","4786","1408","2512","1390","1783","0","334","560","346","346","133","0","104","34","35","35","69","0","1","35","66","25","0","0","202","19","33","71","28","0"
"publicpolygonfeature:5:34962","ZIP Code 08077","country:us/state:nj/zip:08077","08077","3376","877","1833","756","745","11","167","69","84","17","81","0","135","19","46","0","6","0","13","6","0","5","0","0","117","7","0","0","9","0"
"publicpolygonfeature:5:34963","ZIP Code 08078","country:us/state:nj/zip:08078","08078","995","438","725","388","546","0","67","68","92","13","0","0","71","20","39","0","11","0","38","9","0","15","30","0","13","15","58","0","0","0"
"publicpolygonfeature:5:34964","ZIP Code 08108","country:us/state:nj/zip:08108","08108","3149","694","1352","171","409","11","131","161","101","13","0","27","591","16","121","12","9","0","157","9","41","4","0","0","100","49","40","0","18","0"
"publicpolygonfeature:5:34965","ZIP Code 08079","country:us/state:nj/zip:08079","08079","1136","809","681","296","700","37","42","37","111","34","272","0","5","79","26","0","0","0","9","7","6","0","6","0","21","1","12","3","13","0"
"publicpolygonfeature:5:34967","ZIP Code 08080","country:us/state:nj/zip:08080","08080","6973","1699","3222","890","908","0","446","167","196","46","89","0","54","0","23","0","10","0","67","16","8","0","0","0","114","37","26","9","0","0"
"publicpolygonfeature:5:34968","ZIP Code 08081","country:us/state:nj/zip:08081","08081","8116","2874","4031","1315","2583","46","441","490","730","152","216","0","373","38","370","0","10","0","0","14","30","0","18","0","123","24","20","12","14","0"
"publicpolygonfeature:5:34969","ZIP Code 08083","country:us/state:nj/zip:08083","08083","1379","615","878","256","389","4","76","78","77","24","112","0","58","18","43","0","0","0","0","27","0","0","2","0","3","18","49","0","9","0"
"publicpolygonfeature:5:34970","ZIP Code 08084","country:us/state:nj/zip:08084","08084","826","465","777","294","294","0","43","106","0","38","95","0","76","50","9","0","54","0","0","0","7","0","0","0","75","11","9","0","0","0"
"publicpolygonfeature:5:34971","ZIP Code 08085","country:us/state:nj/zip:08085","08085","3671","1144","1276","550","1028","0","156","364","135","6","129","0","61","0","14","0","15","0","83","0","30","0","0","0","14","18","22","2","0","0"
"publicpolygonfeature:5:34972","ZIP Code 08086","country:us/state:nj/zip:08086","08086","1684","298","1193","122","396","4","59","42","73","44","30","0","51","0","0","0","0","0","56","5","4","62","8","0","36","0","0","0","24","0"
"publicpolygonfeature:5:34973","ZIP Code 08087","country:us/state:nj/zip:08087","08087","2991","1951","2053","1461","1040","0","240","157","179","169","82","0","11","94","20","0","0","0","32","46","27","0","0","0","34","87","24","0","0","0"
"publicpolygonfeature:5:34974","ZIP Code 08088","country:us/state:nj/zip:08088","08088","4136","864","1879","780","826","42","208","178","42","70","29","0","42","0","11","0","0","0","2","5","19","2","2","0","27","0","0","0","29","0"
"publicpolygonfeature:5:34975","ZIP Code 08089","country:us/state:nj/zip:08089","08089","430","154","397","255","363","0","24","26","36","68","20","0","23","30","7","4","10","0","0","0","13","0","0","0","21","0","4","0","0","0"
"publicpolygonfeature:5:34976","ZIP Code 08090","country:us/state:nj/zip:08090","08090","1460","549","718","313","620","0","98","50","51","28","53","0","40","0","7","19","11","0","31","4","25","0","8","0","40","5","0","1","0","0"
"publicpolygonfeature:5:34977","ZIP Code 08091","country:us/state:nj/zip:08091","08091","609","518","584","278","242","0","81","0","71","18","17","0","0","23","0","21","0","0","0","39","14","0","0","0","0","0","0","0","0","0"
"publicpolygonfeature:5:34979","ZIP Code 08093","country:us/state:nj/zip:08093","08093","1010","533","859","399","702","0","206","72","78","28","68","0","0","0","35","0","124","0","68","19","0","0","0","0","0","16","66","0","0","0"
"publicpolygonfeature:5:34980","ZIP Code 08109","country:us/state:nj/zip:08109","08109","2415","1113","1846","902","1592","0","419","125","384","80","307","0","124","42","13","0","16","0","44","53","10","0","6","0","63","35","67","0","14","0"
"publicpolygonfeature:5:34981","ZIP Code 08094","country:us/state:nj/zip:08094","08094","7550","2280","2845","1685","1540","0","431","307","313","290","156","0","191","0","11","0","3","0","165","0","68","22","0","33","48","164","66","0","9","0"
"publicpolygonfeature:5:34982","ZIP Code 08095","country:us/state:nj/zip:08095","08095","0","0","0","0","0","0","0","0","0","0","0","0","0","0","0","0","0","0","0","0","0","0","0","0","0","0","0","0","0","0"
"publicpolygonfeature:5:34983","ZIP Code 08096","country:us/state:nj/zip:08096","08096","5621","2105","2764","1207","1845","63","315","283","465","12","370","0","177","1","86","27","50","0","46","24","104","0","30","0","57","60","7","24","42","0"
"publicpolygonfeature:5:34984","ZIP Code 08097","country:us/state:nj/zip:08097","08097","573","104","345","144","130","0","21","52","16","0","0","0","0","17","9","0","8","0","0","13","0","0","0","0","7","29","14","0","5","0"
"publicpolygonfeature:5:34986","ZIP Code 08098","country:us/state:nj/zip:08098","08098","1597","234","730","412","398","0","82","0","16","20","31","0","0","14","0","0","7","0","52","0","45","13","0","0","0","0","7","0","0","0"
"publicpolygonfeature:5:34987","ZIP Code 08102","country:us/state:nj/zip:08102","08102","449","232","410","15","487","0","29","159","113","38","117","0","100","110","74","0","70","0","104","107","46","0","33","0","19","0","0","0","42","0"
"publicpolygonfeature:5:34988","ZIP Code 08103","country:us/state:nj/zip:08103","08103","364","528","345","67","584","0","119","203","186","44","370","0","105","511","26","0","83","0","8","79","53","0","16","0","30","10","15","13","39","0"
"publicpolygonfeature:5:34989","ZIP Code 08104","country:us/state:nj/zip:08104","08104","674","819","826","297","1218","0","197","335","128","104","241","0","165","20","168","0","509","0","79","21","30","23","41","0","247","208","191","96","127","0"
"publicpolygonfeature:5:34990","ZIP Code 08105","country:us/state:nj/zip:08105","08105","1241","1584","1125","565","1831","0","172","505","404","391","675","0","107","293","312","77","105","0","56","194","174","0","79","0","46","151","110","28","185","0"
"publicpolygonfeature:5:34991","ZIP Code 08106","country:us/state:nj/zip:08106","08106","1837","498","705","250","386","55","35","3","17","0","29","0","244","22","7","0","26","0","7","99","54","0","9","0","7","0","0","3","22","0"
"publicpolygonfeature:5:34992","ZIP Code 08107","country:us/state:nj/zip:08107","08107","2001","643","894","376","408","0","211","427","139","16","0","0","285","170","130","10","121","0","0","21","0","0","0","0","12","0","10","0","18","0"
"publicpolygonfeature:5:34993","ZIP Code 08110","country:us/state:nj/zip:08110","08110","2153","947","791","441","1448","27","268","428","198","194","763","0","122","66","0","2","28","16","1","13","25","0","23","0","48","73","154","0","54","0"
"publicpolygonfeature:5:34997","ZIP Code 08224","country:us/state:nj/zip:08224","08224","19","14","16","57","23","0","0","0","0","0","0","0","0","0","0","0","0","0","0","0","0","0","0","0","0","13","0","0","0","0"
"publicpolygonfeature:5:35004","ZIP Code 08215","country:us/state:nj/zip:08215","08215","1703","1053","994","487","614","0","143","69","0","39","83","13","73","142","44","24","25","0","46","76","0","0","0","0","14","0","0","0","29","0"
"publicpolygonfeature:5:35020","ZIP Code 08312","country:us/state:nj/zip:08312","08312","988","431","583","426","256","0","95","16","36","0","40","0","68","0","0","0","5","0","10","29","0","0","0","0","0","0","0","0","0","0"
"publicpolygonfeature:5:35027","ZIP Code 08318","country:us/state:nj/zip:08318","08318","2029","482","963","382","927","0","55","0","47","42","39","0","0","0","0","0","10","0","7","0","0","0","10","0","0","19","35","0","6","0"
"publicpolygonfeature:5:35034","ZIP Code 08322","country:us/state:nj/zip:08322","08322","1569","739","1021","625","617","0","123","129","9","77","13","0","6","0","0","0","6","0","0","0","17","0","0","0","16","0","0","0","6","0"
"publicpolygonfeature:5:35038","ZIP Code 08328","country:us/state:nj/zip:08328","08328","175","191","71","74","107","0","28","0","0","51","0","0","0","0","0","0","0","0","7","0","0","0","0","0","0","0","0","0","0","0"
"publicpolygonfeature:5:35044","ZIP Code 08343","country:us/state:nj/zip:08343","08343","875","204","228","149","185","0","109","38","8","14","10","0","12","0","0","0","0","0","23","33","0","0","0","0","13","0","0","0","0","0"
"publicpolygonfeature:5:35045","ZIP Code 08344","country:us/state:nj/zip:08344","08344","930","321","415","310","185","0","43","33","17","4","44","0","0","1","0","0","0","0","63","0","9","0","7","0","0","0","3","4","0","0"
"publicpolygonfeature:5:35050","ZIP Code 08554","country:us/state:nj/zip:08554","08554","420","65","405","323","202","0","0","0","40","0","80","0","0","0","15","0","13","0","0","0","16","0","0","0","0","16","0","0","0","0"
"publicpolygonfeature:5:35063","ZIP Code 08505","country:us/state:nj/zip:08505","08505","3532","1217","1529","626","750","0","154","20","167","116","116","0","98","0","49","0","2","0","0","6","51","10","8","0","26","43","51","6","49","0"
"publicpolygonfeature:5:35065","ZIP Code 08511","country:us/state:nj/zip:08511","08511","203","48","64","111","83","0","4","0","0","0","0","0","0","0","0","0","0","0","2","0","0","0","0","0","0","11","1","0","0","0"
"publicpolygonfeature:5:35069","ZIP Code 08515","country:us/state:nj/zip:08515","08515","1890","146","478","217","123","0","90","17","37","0","21","0","126","0","16","0","0","0","29","0","0","31","0","0","0","0","0","0","0","0"
"publicpolygonfeature:5:35070","ZIP Code 08518","country:us/state:nj/zip:08518","08518","850","225","445","260","605","0","89","62","96","26","134","0","9","12","0","0","0","0","0","0","0","0","47","0","23","0","25","0","39","0"
"publicpolygonfeature:5:35088","ZIP Code 08562","country:us/state:nj/zip:08562","08562","431","255","320","174","155","0","49","21","0","45","73","0","0","0","0","0","0","0","17","10","0","0","58","0","0","0","0","0","0","0"
"publicpolygonfeature:5:35103","ZIP Code 08640","country:us/state:nj/zip:08640","08640","402","192","63","173","118","264","43","10","15","67","39","63","0","0","0","0","0","0","5","0","22","12","0","40","3","0","0","0","0","32"
"publicpolygonfeature:5:35104","ZIP Code 08641","country:us/state:nj/zip:08641","08641","452","205","240","173","141","403","53","35","98","23","11","41","0","0","0","0","0","0","11","0","0","0","0","1","1","73","0","0","22","6"
"publicpolygonfeature:5:36157","ZIP Code 19422","country:us/state:pa/zip:19422","19422","3748","457","929","241","455","0","338","17","138","20","25","0","180","90","0","0","5","0","5","0","80","0","7","0","73","0","58","19","17","0"
"publicpolygonfeature:5:36191","ZIP Code 19437","country:us/state:pa/zip:19437","19437","27","19","11","0","0","0","1","0","0","0","0","0","0","0","0","0","0","0","7","13","24","5","21","0","0","0","0","0","0","0"
"publicpolygonfeature:5:36196","ZIP Code 19474","country:us/state:pa/zip:19474","19474","36","0","0","0","0","0","0","29","0","0","0","0","0","0","0","0","0","0","0","0","0","0","0","0","0","0","0","0","0","0"
"publicpolygonfeature:5:36971","ZIP Code 19001","country:us/state:pa/zip:19001","19001","2581","780","1032","543","715","0","243","73","98","25","35","0","255","64","114","27","10","0","45","42","22","0","7","0","59","78","8","16","0","0"
"publicpolygonfeature:5:36996","ZIP Code 19021","country:us/state:pa/zip:19021","19021","1021","378","784","306","949","0","22","83","37","18","221","0","63","0","16","0","2","0","0","0","0","0","23","0","33","23","0","0","0","0"
"publicpolygonfeature:5:37028","ZIP Code 19022","country:us/state:pa/zip:19022","19022","194","267","264","60","436","0","0","0","78","0","3","0","0","14","10","0","32","0","11","0","0","6","15","0","0","38","50","0","17","0"
"publicpolygonfeature:5:37045","ZIP Code 19023","country:us/state:pa/zip:19023","19023","1382","1463","1369","280","945","0","114","232","98","42","97","0","330","286","582","0","238","0","56","97","16","19","61","0","125","116","141","73","39","0"
"publicpolygonfeature:5:37059","ZIP Code 19025","country:us/state:pa/zip:19025","19025","1531","339","301","110","188","0","46","13","46","0","13","0","62","0","0","0","9","0","0","0","68","0","0","0","0","15","0","0","0","0"
"publicpolygonfeature:5:37064","ZIP Code 19026","country:us/state:pa/zip:19026","19026","5151","2091","2091","1107","1218","0","496","222","256","62","62","0","520","118","249","30","286","0","25","82","74","0","55","0","108","106","101","0","13","0"
"publicpolygonfeature:5:37136","ZIP Code 19027","country:us/state:pa/zip:19027","19027","3226","1094","941","231","700","0","373","136","153","20","176","0","733","88","184","43","39","0","18","54","37","0","0","0","71","27","7","18","39","0"
"publicpolygonfeature:5:37142","ZIP Code 19036","country:us/state:pa/zip:19036","19036","1894","1250","1314","634","674","0","54","64","79","84","49","0","28","70","94","0","36","0","15","39","20","9","69","0","27","0","0","14","28","0"
"publicpolygonfeature:5:37175","ZIP Code 19083","country:us/state:pa/zip:19083","19083","6961","1290","2335","979","822","0","548","241","198","47","180","0","416","48","69","1","45","0","80","52","129","0","8","0","108","73","34","36","18","0"
"publicpolygonfeature:5:37300","ZIP Code 18920","country:us/state:pa/zip:18920","18920","80","0","0","6","30","0","9","0","0","0","0","0","0","0","0","0","0","0","0","0","0","0","0","0","0","0","13","0","0","0"
"publicpolygonfeature:5:37312","ZIP Code 18923","country:us/state:pa/zip:18923","18923","169","0","99","23","0","0","18","0","0","0","0","0","0","0","0","0","0","0","0","0","17","0","0","0","0","0","0","0","0","0"
"publicpolygonfeature:5:37394","ZIP Code 19096","country:us/state:pa/zip:19096","19096","2961","226","358","56","168","0","283","58","59","6","11","0","493","50","9","0","0","0","34","41","8","0","0","0","23","0","13","0","19","0"
"publicpolygonfeature:5:37399","ZIP Code 19102","country:us/state:pa/zip:19102","19102","563","35","90","8","18","0","41","0","0","0","0","0","512","11","37","0","40","0","1363","70","157","23","0","0","87","0","0","0","21","0"
"publicpolygonfeature:5:37451","ZIP Code 19103","country:us/state:pa/zip:19103","19103","2369","78","228","18","27","8","119","0","0","0","0","0","1915","62","366","0","99","0","4323","318","799","67","92","18","753","7","0","22","58","0"
"publicpolygonfeature:5:37639","ZIP Code 19104","country:us/state:pa/zip:19104","19104","2867","1180","683","185","547","0","464","174","194","31","154","0","2151","1462","917","49","470","0","3315","1293","1078","245","271","0","648","242","173","6","4","0"
"publicpolygonfeature:5:37662","ZIP Code 19106","country:us/state:pa/zip:19106","19106","2000","57","252","75","186","0","187","22","16","0","0","0","935","0","42","0","0","0","1167","20","315","0","29","0","185","122","32","0","19","0"
"publicpolygonfeature:5:37666","ZIP Code 19107","country:us/state:pa/zip:19107","19107","1256","86","200","32","67","0","0","46","0","0","32","0","991","94","188","5","225","0","2139","378","521","15","127","10","148","32","35","0","0","0"
"publicpolygonfeature:5:37667","ZIP Code 19109","country:us/state:pa/zip:19109","19109","0","0","0","0","0","0","0","0","0","0","0","0","0","0","0","0","0","0","0","0","0","0","0","0","0","0","0","0","0","0"
"publicpolygonfeature:5:37679","ZIP Code 19111","country:us/state:pa/zip:19111","19111","4769","4899","3499","1737","2436","0","1136","1292","510","908","1066","0","1243","710","477","63","268","0","134","157","64","47","56","0","309","67","12","84","96","0"
"publicpolygonfeature:5:37682","ZIP Code 19112","country:us/state:pa/zip:19112","19112","0","0","0","0","0","0","0","0","0","0","0","0","0","0","0","0","0","0","0","0","0","0","0","0","0","0","0","0","0","0"
"publicpolygonfeature:5:37712","ZIP Code 19113","country:us/state:pa/zip:19113","19113","0","0","0","0","0","0","0","0","0","0","0","0","0","0","0","0","0","0","0","0","0","0","0","0","0","0","0","0","0","0"
"publicpolygonfeature:5:37801","ZIP Code 19114","country:us/state:pa/zip:19114","19114","3442","1448","2443","1072","1376","0","576","310","239","58","181","0","287","220","87","174","74","0","39","61","42","21","3","0","20","54","69","0","0","0"
"publicpolygonfeature:5:37803","ZIP Code 19115","country:us/state:pa/zip:19115","19115","4285","2321","2017","632","1473","0","647","688","253","45","376","0","425","240","268","0","85","0","57","34","78","0","17","0","204","0","16","0","46","0"
"publicpolygonfeature:5:37806","ZIP Code 19116","country:us/state:pa/zip:19116","19116","3472","2238","1782","621","1611","0","482","489","296","224","732","0","223","212","231","38","19","0","104","49","38","0","26","0","125","20","27","35","5","0"
"publicpolygonfeature:5:37816","ZIP Code 19118","country:us/state:pa/zip:19118","19118","1429","391","286","1","82","0","220","30","20","0","0","0","413","53","16","32","7","0","195","86","77","5","20","0","11","10","13","0","0","0"
"publicpolygonfeature:5:37823","ZIP Code 19119","country:us/state:pa/zip:19119","19119","3717","1487","914","117","587","9","360","49","176","7","83","0","1241","171","383","43","60","0","72","130","52","6","0","0","127","2","116","38","0","0"
"publicpolygonfeature:5:37851","ZIP Code 19135","country:us/state:pa/zip:19135","19135","2564","2184","1514","840","1932","0","702","729","156","183","263","0","649","94","447","63","317","0","22","57","0","17","49","0","21","12","89","21","36","0"
"publicpolygonfeature:5:37916","ZIP Code 19038","country:us/state:pa/zip:19038","19038","5426","1248","1848","779","979","0","399","145","246","41","4","0","738","112","134","4","68","0","131","142","206","0","4","0","44","28","87","13","47","0"
"publicpolygonfeature:5:37982","ZIP Code 18070","country:us/state:pa/zip:18070","18070","35","8","36","38","7","0","0","0","0","0","0","0","0","0","0","0","0","0","0","0","0","8","0","0","0","0","0","0","0","0"
"publicpolygonfeature:5:37994","ZIP Code 19040","country:us/state:pa/zip:19040","19040","3958","1405","1674","794","780","8","320","93","217","63","97","0","121","19","65","16","1","0","60","60","28","5","35","0","47","40","92","14","4","0"
"publicpolygonfeature:5:37999","ZIP Code 19136","country:us/state:pa/zip:19136","19136","3173","1676","2161","603","1373","0","431","415","302","378","116","0","400","487","315","33","251","0","26","181","29","29","16","0","54","130","23","0","17","0"
"publicpolygonfeature:5:38004","ZIP Code 19137","country:us/state:pa/zip:19137","19137","729","233","452","118","323","0","103","137","30","12","146","0","72","88","107","0","86","0","111","23","30","0","0","0","0","9","43","0","10","0"
"publicpolygonfeature:5:38047","ZIP Code 19138","country:us/state:pa/zip:19138","19138","1654","2733","1139","129","983","0","97","1","71","15","197","0","1326","592","866","65","383","0","75","156","28","0","9","0","58","278","156","0","139","0"
"publicpolygonfeature:5:38085","ZIP Code 19139","country:us/state:pa/zip:19139","19139","2334","2529","1488","214","880","9","542","140","316","93","34","0","1535","1678","1195","12","581","0","330","339","92","96","70","0","180","205","109","125","76","0"
"publicpolygonfeature:5:38089","ZIP Code 19372","country:us/state:pa/zip:19372","19372","371","62","172","25","85","0","50","0","92","0","99","0","0","0","0","0","0","0","0","0","0","0","16","0","0","0","0","0","0","0"
"publicpolygonfeature:5:38092","ZIP Code 19373","country:us/state:pa/zip:19373","19373","600","74","195","32","110","0","31","5","0","0","0","0","7","0","0","0","0","0","5","2","0","0","0","0","10","0","0","0","0","0"
"publicpolygonfeature:5:38096","ZIP Code 19041","country:us/state:pa/zip:19041","19041","748","79","131","48","69","0","27","45","0","0","34","0","236","0","30","0","6","0","121","48","28","7","29","0","33","14","0","0","0","0"
"publicpolygonfeature:5:38101","ZIP Code 19043","country:us/state:pa/zip:19043","19043","448","58","185","81","192","0","23","7","0","0","12","0","180","100","0","0","0","0","0","0","45","0","0","0","0","47","18","0","0","0"
"publicpolygonfeature:5:38126","ZIP Code 19374","country:us/state:pa/zip:19374","19374","19","47","13","14","26","0","0","0","11","0","0","0","0","0","0","0","0","0","0","0","0","0","0","0","11","0","10","0","0","0"
"publicpolygonfeature:5:38134","ZIP Code 19375","country:us/state:pa/zip:19375","19375","56","82","0","0","15","0","0","0","0","0","0","0","0","0","0","0","0","0","0","0","0","0","0","0","0","0","0","0","0","0"
"publicpolygonfeature:5:38144","ZIP Code 19401","country:us/state:pa/zip:19401","19401","4327","2278","2572","1019","2724","17","589","694","536","365","504","0","266","197","281","80","301","0","104","343","179","96","67","0","151","102","320","12","156","0"
"publicpolygonfeature:5:38298","ZIP Code 18036","country:us/state:pa/zip:18036","18036","2915","505","1067","689","749","0","174","43","57","24","38","0","0","0","0","0","0","0","1","10","12","0","21","0","12","0","26","0","0","0"
"publicpolygonfeature:5:38301","ZIP Code 18041","country:us/state:pa/zip:18041","18041","731","465","514","315","510","0","0","12","24","18","59","0","0","0","0","0","0","0","18","0","36","0","0","0","0","0","0","0","0","0"
"publicpolygonfeature:5:38308","ZIP Code 18054","country:us/state:pa/zip:18054","18054","965","249","331","233","81","0","52","26","29","13","0","0","0","0","0","0","0","0","9","0","32","0","32","0","20","0","0","0","0","0"
"publicpolygonfeature:5:38315","ZIP Code 18074","country:us/state:pa/zip:18074","18074","978","214","277","365","427","0","62","48","0","17","0","0","0","0","0","0","0","0","0","0","0","0","0","0","37","7","0","17","0","0"
"publicpolygonfeature:5:38322","ZIP Code 18073","country:us/state:pa/zip:18073","18073","1699","592","713","570","720","0","178","64","113","101","151","0","17","0","0","0","0","0","0","13","36","0","0","0","11","14","0","0","0","0"
"publicpolygonfeature:5:38323","ZIP Code 18076","country:us/state:pa/zip:18076","18076","388","110","182","121","153","0","57","23","21","19","32","0","0","0","0","0","1","0","25","0","0","6","0","0","0","0","0","0","0","0"
"publicpolygonfeature:5:38325","ZIP Code 18077","country:us/state:pa/zip:18077","18077","325","80","142","66","109","0","50","25","4","5","1","0","3","11","3","0","0","0","3","9","3","0","1","0","20","0","0","0","0","0"
"publicpolygonfeature:5:38329","ZIP Code 18081","country:us/state:pa/zip:18081","18081","18","15","18","0","0","0","0","0","0","0","0","0","0","0","0","0","0","0","0","0","0","0","0","0","0","0","0","0","0","0"
"publicpolygonfeature:5:38531","ZIP Code 18976","country:us/state:pa/zip:18976","18976","3856","556","1360","511","756","22","381","37","129","50","32","0","125","94","18","27","0","0","103","0","13","0","15","0","25","141","55","0","42","0"
"publicpolygonfeature:5:38540","ZIP Code 18901","country:us/state:pa/zip:18901","18901","4571","1284","1770","331","575","3","328","173","93","28","41","0","50","11","3","66","5","0","69","147","215","0","11","0","0","14","15","0","18","0"
"publicpolygonfeature:5:38541","ZIP Code 18914","country:us/state:pa/zip:18914","18914","4169","1339","1449","591","960","0","320","194","181","51","61","0","151","31","19","0","0","0","74","0","21","0","0","0","42","22","0","0","0","0"
"publicpolygonfeature:5:38543","ZIP Code 18902","country:us/state:pa/zip:18902","18902","4627","807","1492","297","542","0","262","23","200","19","71","0","41","0","4","0","0","0","57","33","16","0","0","0","65","12","40","0","11","0"
"publicpolygonfeature:5:38544","ZIP Code 18912","country:us/state:pa/zip:18912","18912","85","0","0","0","0","0","0","0","0","0","0","0","0","0","0","0","0","0","0","0","0","0","0","0","0","0","0","0","0","0"
"publicpolygonfeature:5:38545","ZIP Code 18913","country:us/state:pa/zip:18913","18913","62","31","0","0","0","0","0","0","0","0","0","0","30","0","0","0","0","0","0","0","0","0","0","0","0","0","0","0","0","0"
"publicpolygonfeature:5:38548","ZIP Code 18915","country:us/state:pa/zip:18915","18915","239","25","100","29","28","0","18","0","29","15","33","0","22","0","0","0","0","0","12","0","0","0","0","0","10","0","0","11","0","0"
"publicpolygonfeature:5:38549","ZIP Code 18917","country:us/state:pa/zip:18917","18917","430","107","253","67","84","0","24","36","12","0","0","0","0","0","0","0","0","0","0","0","0","23","0","0","13","0","0","0","0","0"
"publicpolygonfeature:5:38552","ZIP Code 18925","country:us/state:pa/zip:18925","18925","1283","298","471","81","108","0","119","30","29","0","0","0","44","15","0","0","0","0","62","0","0","0","0","0","0","8","11","0","0","0"
"publicpolygonfeature:5:38553","ZIP Code 18929","country:us/state:pa/zip:18929","18929","2039","300","461","218","159","0","161","31","23","0","18","0","134","0","22","0","0","0","0","0","0","0","0","0","20","0","0","0","0","0"
"publicpolygonfeature:5:38554","ZIP Code 18930","country:us/state:pa/zip:18930","18930","241","69","140","201","71","0","2","0","0","4","5","0","0","0","0","0","0","0","0","10","0","2","0","0","11","0","5","0","0","0"
"publicpolygonfeature:5:38555","ZIP Code 18932","country:us/state:pa/zip:18932","18932","38","28","42","0","56","0","0","0","0","0","0","0","0","0","0","0","0","0","0","0","0","0","0","0","0","0","0","0","0","0"
"publicpolygonfeature:5:38556","ZIP Code 18935","country:us/state:pa/zip:18935","18935","32","0","48","55","17","0","24","0","0","0","0","0","0","0","0","0","0","0","0","0","0","0","0","0","0","0","0","0","0","0"
"publicpolygonfeature:5:38557","ZIP Code 18936","country:us/state:pa/zip:18936","18936","134","11","0","0","11","0","0","0","11","0","0","0","0","0","0","0","0","0","0","0","0","0","0","0","0","0","0","0","0","0"
"publicpolygonfeature:5:38558","ZIP Code 18977","country:us/state:pa/zip:18977","18977","613","86","355","20","66","0","13","0","13","14","0","0","48","0","0","0","16","0","0","0","11","0","0","0","91","0","0","0","0","0"
"publicpolygonfeature:5:38559","ZIP Code 18938","country:us/state:pa/zip:18938","18938","2181","188","828","77","299","0","125","30","50","0","7","0","102","0","14","0","11","0","168","64","61","0","0","0","109","0","14","0","0","0"
"publicpolygonfeature:5:38560","ZIP Code 18940","country:us/state:pa/zip:18940","18940","5675","854","1965","594","449","15","287","77","16","45","7","0","220","0","20","25","0","0","42","56","28","0","0","0","45","7","40","0","0","0"
"publicpolygonfeature:5:38561","ZIP Code 18942","country:us/state:pa/zip:18942","18942","179","121","122","103","104","0","9","0","31","14","12","0","13","0","0","0","0","0","61","0","11","0","0","0","0","0","0","0","0","0"
"publicpolygonfeature:5:38562","ZIP Code 18944","country:us/state:pa/zip:18944","18944","4750","1729","2225","998","1666","0","205","192","71","28","129","0","79","0","0","0","0","0","118","29","60","0","0","0","80","22","20","0","36","0"
"publicpolygonfeature:5:38563","ZIP Code 18947","country:us/state:pa/zip:18947","18947","791","335","340","285","235","0","17","2","0","0","0","0","0","0","11","0","0","0","17","0","0","0","0","0","0","28","0","0","0","0"
"publicpolygonfeature:5:38564","ZIP Code 18950","country:us/state:pa/zip:18950","18950","53","36","0","0","70","0","0","0","0","0","0","0","0","0","0","0","0","0","0","0","0","0","0","0","0","0","0","0","0","0"
"publicpolygonfeature:5:38565","ZIP Code 18960","country:us/state:pa/zip:18960","18960","2659","790","1222","540","603","0","56","122","73","32","0","0","19","32","0","0","26","0","14","12","17","20","11","0","45","0","0","0","6","0"
"publicpolygonfeature:5:38566","ZIP Code 18962","country:us/state:pa/zip:18962","18962","82","16","23","13","82","0","0","0","3","0","0","0","0","0","0","0","0","0","0","0","0","0","0","0","11","0","3","0","0","0"
"publicpolygonfeature:5:38567","ZIP Code 18951","country:us/state:pa/zip:18951","18951","5492","2327","3081","1832","1971","17","335","127","111","73","167","0","4","30","10","0","9","0","32","56","14","0","307","0","78","9","165","0","157","0"
"publicpolygonfeature:5:38568","ZIP Code 18954","country:us/state:pa/zip:18954","18954","2214","339","579","249","299","0","65","9","26","55","29","0","81","0","0","0","0","0","0","0","0","0","0","0","19","3","0","0","0","0"
"publicpolygonfeature:5:38569","ZIP Code 18955","country:us/state:pa/zip:18955","18955","320","82","111","15","52","0","8","1","0","0","31","0","0","0","0","0","0","0","0","9","0","0","0","0","14","0","0","0","0","0"
"publicpolygonfeature:5:38570","ZIP Code 18964","country:us/state:pa/zip:18964","18964","2175","750","1380","292","773","0","78","51","6","61","110","0","16","0","47","0","12","0","52","21","0","0","14","0","54","15","24","0","0","0"
"publicpolygonfeature:5:38571","ZIP Code 18966","country:us/state:pa/zip:18966","18966","6742","1437","2465","998","1023","0","486","285","306","63","139","0","379","43","28","8","70","0","28","27","67","0","0","0","137","9","31","52","12","0"
"publicpolygonfeature:5:38572","ZIP Code 18969","country:us/state:pa/zip:18969","18969","2470","940","1303","687","801","0","133","63","206","25","16","0","30","29","273","0","0","0","42","15","39","0","0","0","33","63","31","6","37","0"
"publicpolygonfeature:5:38573","ZIP Code 18970","country:us/state:pa/zip:18970","18970","82","51","83","22","43","0","2","6","0","0","0","0","0","0","0","0","0","0","0","3","0","0","0","0","0","2","2","0","0","0"
"publicpolygonfeature:5:38574","ZIP Code 18972","country:us/state:pa/zip:18972","18972","521","240","116","170","93","0","25","2","30","0","0","0","0","0","0","0","0","0","0","0","0","0","0","0","0","0","13","0","0","0"
"publicpolygonfeature:5:38575","ZIP Code 18974","country:us/state:pa/zip:18974","18974","7310","1976","3646","1475","1680","0","420","242","247","91","265","0","230","112","66","0","82","0","193","80","50","0","22","0","86","34","47","17","73","0"
"publicpolygonfeature:5:38576","ZIP Code 18980","country:us/state:pa/zip:18980","18980","13","16","21","14","17","0","0","0","0","0","0","0","0","0","0","0","0","0","0","0","0","0","0","0","0","0","0","0","0","0"
"publicpolygonfeature:5:38577","ZIP Code 19002","country:us/state:pa/zip:19002","19002","5738","819","1726","474","826","0","344","161","162","13","51","0","290","0","69","12","6","0","112","96","47","0","29","0","59","59","48","7","28","0"
"publicpolygonfeature:5:38578","ZIP Code 19003","country:us/state:pa/zip:19003","19003","2298","520","572","239","92","0","156","88","53","0","40","0","363","99","46","0","11","0","210","87","129","84","44","0","66","0","51","0","23","0"
"publicpolygonfeature:5:38579","ZIP Code 19004","country:us/state:pa/zip:19004","19004","1764","388","331","110","161","9","203","44","63","16","0","0","188","15","43","0","0","0","24","9","58","0","0","4","67","16","29","0","0","0"
"publicpolygonfeature:5:38580","ZIP Code 19006","country:us/state:pa/zip:19006","19006","4283","1040","991","670","601","12","267","123","123","85","0","0","162","22","32","0","9","0","69","50","25","4","0","0","68","63","45","13","0","0"
"publicpolygonfeature:5:38581","ZIP Code 19044","country:us/state:pa/zip:19044","19044","2823","1397","1737","834","695","0","252","121","0","48","14","0","45","20","8","0","83","0","55","23","0","0","0","0","0","0","0","0","0","0"
"publicpolygonfeature:5:38582","ZIP Code 19007","country:us/state:pa/zip:19007","19007","2170","1055","1547","780","1615","0","252","256","325","98","281","0","112","34","19","0","145","0","17","47","62","10","16","0","0","80","113","17","88","0"
"publicpolygonfeature:5:38583","ZIP Code 19008","country:us/state:pa/zip:19008","19008","3793","826","1649","554","508","0","322","115","166","70","43","0","57","13","48","0","13","0","24","11","27","0","0","0","61","23","0","0","0","0"
"publicpolygonfeature:5:38584","ZIP Code 19009","country:us/state:pa/zip:19009","19009","201","42","45","3","15","0","9","3","0","11","10","0","31","0","0","2","0","0","22","32","4","0","0","0","4","0","8","0","0","0"
"publicpolygonfeature:5:38585","ZIP Code 19010","country:us/state:pa/zip:19010","19010","3476","423","793","123","250","20","151","80","284","27","0","0","701","48","120","0","2","0","372","269","167","21","58","0","30","20","97","10","12","0"
"publicpolygonfeature:5:38586","ZIP Code 19012","country:us/state:pa/zip:19012","19012","1065","415","313","121","230","0","109","113","55","129","65","0","113","82","25","0","21","0","39","8","0","0","43","0","13","0","0","0","0","0"
"publicpolygonfeature:5:38587","ZIP Code 19046","country:us/state:pa/zip:19046","19046","2971","670","819","223","319","0","477","44","28","18","36","0","395","96","105","8","19","0","58","168","132","0","49","0","45","11","32","0","12","0"
"publicpolygonfeature:5:38588","ZIP Code 19013","country:us/state:pa/zip:19013","19013","1999","2359","1375","355","1614","0","225","471","161","161","402","0","189","548","175","103","245","0","117","474","141","74","291","0","70","134","80","0","91","0"
"publicpolygonfeature:5:38589","ZIP Code 19014","country:us/state:pa/zip:19014","19014","3373","1284","1796","832","972","0","178","93","40","16","45","0","30","17","0","0","0","0","64","83","14","0","24","0","53","29","39","0","0","0"
"publicpolygonfeature:5:38590","ZIP Code 19015","country:us/state:pa/zip:19015","19015","2603","904","1398","787","991","0","111","94","153","70","50","0","25","24","20","0","0","0","15","89","196","70","38","0","0","7","0","8","12","0"
"publicpolygonfeature:5:38591","ZIP Code 19017","country:us/state:pa/zip:19017","19017","110","0","7","0","0","0","0","0","0","0","0","0","0","0","0","0","0","0","30","0","0","0","0","0","0","0","0","0","0","0"
"publicpolygonfeature:5:38592","ZIP Code 19018","country:us/state:pa/zip:19018","19018","2657","1287","1823","850","1210","16","92","107","135","22","191","0","456","146","100","59","0","0","200","168","90","0","11","0","126","142","36","0","35","0"
"publicpolygonfeature:5:38593","ZIP Code 19020","country:us/state:pa/zip:19020","19020","7497","2997","4204","1829","3558","33","1073","353","648","194","461","0","549","66","207","0","105","0","73","17","173","53","22","0","51","207","108","25","150","0"
"publicpolygonfeature:5:38594","ZIP Code 19029","country:us/state:pa/zip:19029","19029","343","373","214","166","162","0","18","31","125","16","52","0","16","34","17","0","11","0","25","0","0","0","0","0","12","0","0","5","0","0"
"publicpolygonfeature:5:38595","ZIP Code 19030","country:us/state:pa/zip:19030","19030","2014","597","1110","407","605","0","72","61","94","29","122","0","24","0","10","0","0","0","2","0","14","0","0","0","52","8","0","0","0","0"
"publicpolygonfeature:5:38596","ZIP Code 19031","country:us/state:pa/zip:19031","19031","726","181","260","166","61","0","7","0","10","0","0","0","51","19","0","0","9","0","35","22","10","0","1","0","0","0","7","0","0","0"
"publicpolygonfeature:5:38597","ZIP Code 19032","country:us/state:pa/zip:19032","19032","436","395","488","131","345","0","196","15","66","8","99","0","29","30","0","0","0","0","50","0","0","0","14","0","0","51","58","0","0","0"
"publicpolygonfeature:5:38598","ZIP Code 19033","country:us/state:pa/zip:19033","19033","1078","695","683","341","258","0","109","8","120","73","87","0","53","0","49","9","0","0","6","0","30","0","0","0","18","70","0","0","6","0"
"publicpolygonfeature:5:38599","ZIP Code 19034","country:us/state:pa/zip:19034","19034","1285","295","386","161","111","0","59","22","64","0","11","0","95","0","0","0","0","0","60","6","20","9","35","0","0","0","9","0","24","0"
"publicpolygonfeature:5:38600","ZIP Code 19035","country:us/state:pa/zip:19035","19035","638","0","65","11","10","0","137","0","26","0","0","0","91","0","20","0","0","0","51","23","30","0","0","0","0","0","0","0","0","0"
"publicpolygonfeature:5:38601","ZIP Code 19047","country:us/state:pa/zip:19047","19047","5777","2233","2459","922","934","2","430","158","261","170","242","18","254","0","94","23","74","0","129","43","227","0","0","0","65","34","13","0","0","0"
"publicpolygonfeature:5:38602","ZIP Code 19050","country:us/state:pa/zip:19050","19050","2902","2241","1631","411","1650","0","532","271","185","52","179","0","438","549","235","98","108","0","25","61","54","118","0","0","161","44","21","0","0","0"
"publicpolygonfeature:5:38603","ZIP Code 19053","country:us/state:pa/zip:19053","19053","4117","1459","2099","1134","1448","0","358","262","217","280","113","0","242","65","101","0","8","0","32","12","6","0","0","0","36","30","0","14","14","0"
"publicpolygonfeature:5:38604","ZIP Code 19054","country:us/state:pa/zip:19054","19054","2996","882","1676","642","817","0","165","114","107","69","119","0","37","28","37","20","49","0","15","9","9","0","8","0","0","47","41","0","0","0"
"publicpolygonfeature:5:38605","ZIP Code 19055","country:us/state:pa/zip:19055","19055","1652","448","1070","763","966","0","182","121","65","37","153","0","24","110","54","0","0","0","9","8","0","0","0","0","41","0","0","32","0","0"
"publicpolygonfeature:5:38606","ZIP Code 19076","country:us/state:pa/zip:19076","19076","741","764","167","328","472","0","251","5","135","0","43","0","21","19","102","0","0","0","0","0","76","0","0","0","0","0","16","0","0","0"
"publicpolygonfeature:5:38607","ZIP Code 19078","country:us/state:pa/zip:19078","19078","1693","779","841","714","405","0","102","106","158","76","24","0","91","17","91","11","0","0","28","23","97","0","5","0","28","11","10","0","0","0"
"publicpolygonfeature:5:38608","ZIP Code 19056","country:us/state:pa/zip:19056","19056","2386","725","1370","614","637","0","679","86","310","37","94","0","24","0","23","12","22","0","0","0","32","0","0","0","13","94","22","0","0","0"
"publicpolygonfeature:5:38609","ZIP Code 19057","country:us/state:pa/zip:19057","19057","2548","1169","1487","1075","1181","0","226","234","252","165","134","0","83","0","44","8","26","0","21","0","92","0","33","0","41","0","0","96","19","0"
"publicpolygonfeature:5:38610","ZIP Code 19060","country:us/state:pa/zip:19060","19060","2528","539","975","214","302","0","67","75","48","0","19","0","14","13","0","0","22","0","0","0","25","0","0","0","97","38","10","0","0","0"
"publicpolygonfeature:5:38611","ZIP Code 19061","country:us/state:pa/zip:19061","19061","2260","1038","2001","839","1361","0","80","135","341","243","64","0","42","55","38","0","0","0","88","39","30","0","1","0","31","31","16","0","0","0"
"publicpolygonfeature:5:38612","ZIP Code 19079","country:us/state:pa/zip:19079","19079","902","242","466","99","549","104","138","96","102","0","15","0","136","14","61","0","64","0","0","0","7","0","31","0","24","0","89","64","57","0"
"publicpolygonfeature:5:38613","ZIP Code 19081","country:us/state:pa/zip:19081","19081","1491","392","334","207","192","0","110","70","97","0","0","0","217","0","9","0","58","0","350","180","111","0","56","0","17","0","0","0","0","0"
"publicpolygonfeature:5:38614","ZIP Code 19063","country:us/state:pa/zip:19063","19063","7300","1345","2022","733","824","0","596","104","101","38","63","0","624","80","114","11","75","0","132","70","209","95","60","0","93","33","68","0","2","0"
"publicpolygonfeature:5:38615","ZIP Code 19064","country:us/state:pa/zip:19064","19064","4683","868","1615","680","638","9","245","41","110","40","11","0","266","0","47","6","15","0","18","22","16","15","17","0","119","75","4","0","67","0"
"publicpolygonfeature:5:38616","ZIP Code 19066","country:us/state:pa/zip:19066","19066","868","61","143","46","68","0","102","0","15","0","0","0","148","15","25","0","0","0","53","60","60","0","54","0","26","0","0","0","0","0"
"publicpolygonfeature:5:38617","ZIP Code 19082","country:us/state:pa/zip:19082","19082","3442","2713","2314","685","1817","0","378","630","333","239","235","0","906","1436","882","196","701","0","265","355","210","38","115","0","104","60","162","24","152","16"
"publicpolygonfeature:5:38618","ZIP Code 19067","country:us/state:pa/zip:19067","19067","9424","1938","3437","1145","1889","0","528","262","321","100","240","0","569","41","259","0","44","0","58","152","48","112","9","0","199","35","108","0","59","0"
"publicpolygonfeature:5:38619","ZIP Code 19070","country:us/state:pa/zip:19070","19070","1084","357","369","271","148","0","84","34","12","2","25","0","49","83","11","0","3","0","21","2","16","0","0","0","6","36","14","0","9","0"
"publicpolygonfeature:5:38620","ZIP Code 19072","country:us/state:pa/zip:19072","19072","1797","96","493","107","63","0","182","0","22","0","40","0","178","0","22","0","0","0","32","45","85","0","0","0","40","0","0","19","9","0"
"publicpolygonfeature:5:38621","ZIP Code 19073","country:us/state:pa/zip:19073","19073","3757","662","929","259","342","0","378","99","117","84","0","0","67","7","0","0","0","0","67","89","17","2","0","0","56","29","16","32","0","0"
"publicpolygonfeature:5:38622","ZIP Code 19074","country:us/state:pa/zip:19074","19074","790","485","309","368","242","0","81","76","180","10","15","0","49","16","40","50","15","0","0","24","0","6","27","0","18","30","0","0","15","0"
"publicpolygonfeature:5:38623","ZIP Code 19075","country:us/state:pa/zip:19075","19075","1363","442","540","257","197","0","100","32","20","6","11","0","151","13","9","0","0","0","21","0","0","0","0","0","0","0","0","0","0","0"
"publicpolygonfeature:5:38624","ZIP Code 19085","country:us/state:pa/zip:19085","19085","1134","229","338","7","40","0","85","11","30","0","0","0","42","24","20","0","0","0","307","307","449","0","119","46","50","12","19","0","0","0"
"publicpolygonfeature:5:38625","ZIP Code 19086","country:us/state:pa/zip:19086","19086","2505","450","628","144","179","0","208","19","122","0","0","0","248","0","47","0","24","0","3","0","3","0","0","0","0","31","0","0","0","0"
"publicpolygonfeature:5:38626","ZIP Code 19087","country:us/state:pa/zip:19087","19087","6380","1008","1518","231","367","0","258","251","81","1","62","0","689","43","37","0","2","0","295","152","194","3","96","12","260","22","15","14","0","0"
"publicpolygonfeature:5:38627","ZIP Code 19090","country:us/state:pa/zip:19090","19090","3459","929","1263","631","901","0","215","244","120","40","100","0","189","40","127","15","27","0","44","65","23","13","16","0","9","20","58","0","22","0"
"publicpolygonfeature:5:38628","ZIP Code 19094","country:us/state:pa/zip:19094","19094","386","331","114","14","137","0","110","57","29","0","95","0","18","12","9","23","23","0","0","0","0","0","25","0","16","9","0","44","20","0"
"publicpolygonfeature:5:38629","ZIP Code 19095","country:us/state:pa/zip:19095","19095","1343","393","435","55","252","0","135","4","35","5","6","0","304","18","50","12","39","0","86","106","0","13","0","0","15","0","68","0","0","0"
"publicpolygonfeature:5:38630","ZIP Code 19120","country:us/state:pa/zip:19120","19120","3832","5164","2156","1377","2706","0","1025","1242","830","276","695","0","1155","1614","1026","139","424","0","191","115","40","115","231","0","96","252","146","0","23","0"
"publicpolygonfeature:5:38631","ZIP Code 19121","country:us/state:pa/zip:19121","19121","3350","774","1050","74","1205","0","486","437","203","0","16","0","1257","1808","1192","93","263","0","867","524","228","89","27","46","393","280","96","0","0","0"
"publicpolygonfeature:5:38632","ZIP Code 19122","country:us/state:pa/zip:19122","19122","2106","454","686","189","564","0","273","200","119","0","113","0","1071","328","298","44","184","0","721","322","387","26","143","0","245","321","131","52","0","0"
"publicpolygonfeature:5:38633","ZIP Code 19123","country:us/state:pa/zip:19123","19123","3244","594","430","101","159","0","290","67","237","0","39","0","1434","419","259","0","253","0","637","201","65","25","54","0","682","26","126","68","42","0"
"publicpolygonfeature:5:38634","ZIP Code 19124","country:us/state:pa/zip:19124","19124","3862","3468","1881","1636","2845","0","359","936","771","313","786","0","892","1420","1702","321","737","0","21","282","104","58","184","0","182","201","270","20","7","0"
"publicpolygonfeature:5:38635","ZIP Code 19125","country:us/state:pa/zip:19125","19125","4366","371","938","314","675","16","531","81","28","48","36","0","1871","305","434","39","201","0","600","195","153","7","95","0","691","233","83","11","70","0"
"publicpolygonfeature:5:38636","ZIP Code 19126","country:us/state:pa/zip:19126","19126","1649","854","660","160","609","0","205","262","88","91","7","0","494","877","143","5","109","0","10","16","9","17","0","0","63","42","23","0","31","0"
"publicpolygonfeature:5:38637","ZIP Code 19127","country:us/state:pa/zip:19127","19127","1591","88","252","44","256","0","21","0","10","0","0","0","234","16","32","0","0","0","263","44","0","0","10","0","78","8","0","28","0","0"
"publicpolygonfeature:5:38639","ZIP Code 19128","country:us/state:pa/zip:19128","19128","7539","1756","2030","907","1053","22","387","190","120","39","40","0","1352","209","349","31","85","0","213","156","182","18","28","0","99","112","64","14","0","0"
"publicpolygonfeature:5:38640","ZIP Code 19129","country:us/state:pa/zip:19129","19129","1737","280","384","104","139","0","109","53","20","73","26","0","559","231","101","18","26","0","235","89","80","0","6","0","85","6","3","0","31","0"
"publicpolygonfeature:5:38641","ZIP Code 19130","country:us/state:pa/zip:19130","19130","4285","470","1084","243","367","0","320","82","174","25","6","0","1861","310","192","0","65","0","2329","149","149","4","43","0","910","124","110","59","0","0"
"publicpolygonfeature:5:38642","ZIP Code 19131","country:us/state:pa/zip:19131","19131","3791","2149","1503","524","993","0","264","234","222","6","77","0","1309","1572","639","142","227","0","251","345","108","147","42","0","41","41","104","0","0","0"
"publicpolygonfeature:5:38643","ZIP Code 19132","country:us/state:pa/zip:19132","19132","872","1799","421","326","1025","0","38","453","253","0","96","0","739","1249","973","42","352","0","73","231","90","1","50","0","159","249","24","0","89","15"
"publicpolygonfeature:5:38644","ZIP Code 19133","country:us/state:pa/zip:19133","19133","555","1145","548","302","377","0","104","111","215","130","141","0","304","664","456","98","323","0","0","252","132","0","78","0","24","294","55","17","100","0"
"publicpolygonfeature:5:38645","ZIP Code 19134","country:us/state:pa/zip:19134","19134","4117","2055","2038","1084","1192","24","544","148","208","145","164","0","358","942","1048","113","588","0","368","450","169","50","394","64","353","242","268","33","278","0"
"publicpolygonfeature:5:38646","ZIP Code 19140","country:us/state:pa/zip:19140","19140","1761","1662","620","598","1688","0","441","452","298","185","477","0","727","1843","574","38","794","0","253","482","180","47","9","0","286","206","262","25","360","0"
"publicpolygonfeature:5:38647","ZIP Code 19141","country:us/state:pa/zip:19141","19141","1976","1641","1284","542","774","0","120","313","249","0","46","0","1032","1280","875","40","442","0","137","6","117","0","33","0","189","121","151","0","15","0"
"publicpolygonfeature:5:38648","ZIP Code 19142","country:us/state:pa/zip:19142","19142","1649","2233","1320","269","1340","0","178","253","90","268","233","0","751","1216","638","76","361","0","24","0","51","41","18","0","86","105","44","0","40","0"
"publicpolygonfeature:5:38649","ZIP Code 19143","country:us/state:pa/zip:19143","19143","3900","3817","2844","319","1955","0","318","274","190","68","119","0","2287","1854","1842","222","699","0","865","79","166","141","32","0","891","180","249","42","88","0"
"publicpolygonfeature:5:38650","ZIP Code 19144","country:us/state:pa/zip:19144","19144","4573","2102","1599","528","1401","139","753","187","211","52","123","0","1674","1875","872","43","386","0","281","253","226","2","48","0","193","122","50","9","0","0"
"publicpolygonfeature:5:38651","ZIP Code 19145","country:us/state:pa/zip:19145","19145","4218","1491","1634","513","971","0","683","443","377","160","630","0","2085","884","599","130","494","0","248","652","257","0","72","0","758","366","206","138","38","0"
"publicpolygonfeature:5:38652","ZIP Code 19146","country:us/state:pa/zip:19146","19146","4246","1095","782","232","326","0","924","93","136","10","181","0","2302","611","497","93","158","0","2729","474","431","25","182","0","1879","311","92","0","133","0"
"publicpolygonfeature:5:38653","ZIP Code 19147","country:us/state:pa/zip:19147","19147","4248","607","801","91","377","0","429","190","48","31","101","0","2139","753","351","70","64","0","2134","500","610","0","99","0","1421","397","248","60","74","0"
"publicpolygonfeature:5:38654","ZIP Code 19148","country:us/state:pa/zip:19148","19148","3569","1167","1574","972","1006","0","513","275","378","133","209","0","2218","1007","972","10","458","0","742","561","480","41","182","0","971","994","140","31","119","0"
"publicpolygonfeature:5:38655","ZIP Code 19149","country:us/state:pa/zip:19149","19149","2835","4135","2616","924","2180","0","970","858","470","873","876","0","531","1241","893","271","644","0","165","327","222","22","116","0","208","594","28","218","28","0"
"publicpolygonfeature:5:38656","ZIP Code 19150","country:us/state:pa/zip:19150","19150","2206","1448","1162","264","1285","0","130","313","132","56","122","0","1081","502","369","24","183","0","0","8","6","0","0","0","82","56","180","9","0","0"
"publicpolygonfeature:5:38657","ZIP Code 19151","country:us/state:pa/zip:19151","19151","2768","2449","1592","365","1319","0","148","213","310","17","50","0","1464","1121","706","16","283","0","121","138","38","0","80","0","68","252","41","194","36","0"
"publicpolygonfeature:5:38658","ZIP Code 19152","country:us/state:pa/zip:19152","19152","3007","2304","1877","966","1719","0","504","370","468","127","407","0","325","253","227","0","75","0","178","64","101","6","183","0","78","90","59","0","3","0"
"publicpolygonfeature:5:38659","ZIP Code 19153","country:us/state:pa/zip:19153","19153","951","533","693","0","958","0","208","81","94","32","37","0","201","636","304","4","225","0","0","0","8","0","0","0","9","31","12","16","28","0"
"publicpolygonfeature:5:38660","ZIP Code 19154","country:us/state:pa/zip:19154","19154","4714","2291","2091","1093","1090","0","564","539","253","154","340","0","381","104","200","12","20","0","49","36","68","0","48","0","58","9","240","0","0","0"
"publicpolygonfeature:5:38661","ZIP Code 19301","country:us/state:pa/zip:19301","19301","1256","129","389","34","113","0","279","23","34","0","10","0","85","0","47","0","0","0","18","16","0","0","0","0","61","0","18","0","0","0"
"publicpolygonfeature:5:38663","ZIP Code 19310","country:us/state:pa/zip:19310","19310","323","79","158","126","163","0","41","41","8","50","36","0","0","0","0","3","0","0","15","0","0","4","21","0","3","0","15","51","0","0"
"publicpolygonfeature:5:38664","ZIP Code 19311","country:us/state:pa/zip:19311","19311","2024","409","570","498","294","26","76","127","110","29","210","0","33","8","0","0","0","0","0","15","11","33","6","0","23","3","0","140","31","0"
"publicpolygonfeature:5:38665","ZIP Code 19312","country:us/state:pa/zip:19312","19312","1993","200","623","96","240","0","70","55","0","35","55","0","175","0","56","0","0","0","72","0","19","0","0","0","261","0","0","0","0","0"
"publicpolygonfeature:5:38666","ZIP Code 19316","country:us/state:pa/zip:19316","19316","0","0","61","0","129","0","0","0","0","0","0","0","0","0","0","0","0","0","0","20","0","0","0","0","0","0","0","0","0","0"
"publicpolygonfeature:5:38667","ZIP Code 19317","country:us/state:pa/zip:19317","19317","2151","279","749","207","167","0","216","0","28","0","88","0","11","1","0","0","0","0","66","19","0","10","14","0","136","0","7","0","0","0"
"publicpolygonfeature:5:38668","ZIP Code 19319","country:us/state:pa/zip:19319","19319","25","31","77","21","7","0","10","0","0","0","0","0","38","0","0","0","0","0","9","8","0","0","8","0","0","0","0","0","0","0"
"publicpolygonfeature:5:38669","ZIP Code 19320","country:us/state:pa/zip:19320","19320","7137","3063","5577","1858","2667","0","657","498","433","354","781","0","135","102","38","35","7","0","119","80","55","17","31","0","113","97","130","34","49","0"
"publicpolygonfeature:5:38670","ZIP Code 19330","country:us/state:pa/zip:19330","19330","772","269","350","307","212","0","40","24","100","60","85","0","5","0","0","0","3","0","19","0","0","0","0","0","12","0","11","11","8","0"
"publicpolygonfeature:5:38671","ZIP Code 19333","country:us/state:pa/zip:19333","19333","1591","169","351","57","141","0","141","21","0","0","9","0","112","0","9","0","0","0","11","0","0","0","0","0","0","0","0","0","0","0"
"publicpolygonfeature:5:38672","ZIP Code 19335","country:us/state:pa/zip:19335","19335","10050","2306","3532","850","1337","0","907","540","157","67","199","0","398","0","51","7","0","0","60","87","28","0","45","0","181","0","68","60","25","0"
"publicpolygonfeature:5:38673","ZIP Code 19341","country:us/state:pa/zip:19341","19341","4545","550","1046","434","575","0","400","121","16","8","10","0","117","46","23","7","0","0","15","0","29","20","0","0","20","6","4","9","5","0"
"publicpolygonfeature:5:38674","ZIP Code 19342","country:us/state:pa/zip:19342","19342","3095","561","838","291","270","0","238","15","249","34","15","0","69","0","15","0","0","0","14","0","0","0","0","0","24","0","3","22","26","0"
"publicpolygonfeature:5:38675","ZIP Code 19343","country:us/state:pa/zip:19343","19343","1438","316","547","249","256","0","62","0","103","0","3","0","6","2","0","0","0","0","14","0","0","0","0","0","11","54","9","0","0","0"
"publicpolygonfeature:5:38676","ZIP Code 19344","country:us/state:pa/zip:19344","19344","1575","471","885","413","376","0","78","124","146","247","53","0","0","0","0","0","0","0","2","13","26","0","31","0","41","0","75","0","33","0"
"publicpolygonfeature:5:38677","ZIP Code 19345","country:us/state:pa/zip:19345","19345","30","55","50","0","0","0","3","0","0","7","0","0","10","4","0","0","0","0","28","10","31","0","0","0","0","0","0","0","0","0"
"publicpolygonfeature:5:38678","ZIP Code 19348","country:us/state:pa/zip:19348","19348","3690","1242","1282","637","691","0","176","296","96","31","156","0","29","0","0","0","0","0","78","96","87","70","118","0","63","66","0","19","2","0"
"publicpolygonfeature:5:38679","ZIP Code 19350","country:us/state:pa/zip:19350","19350","1804","501","675","446","253","6","178","18","79","19","53","0","11","0","0","0","0","0","78","11","0","17","1","0","51","0","0","0","0","0"
"publicpolygonfeature:5:38681","ZIP Code 19352","country:us/state:pa/zip:19352","19352","2070","529","655","234","453","0","184","119","108","3","42","0","12","0","33","0","0","0","120","131","82","13","16","0","82","24","0","6","0","0"
"publicpolygonfeature:5:38682","ZIP Code 19355","country:us/state:pa/zip:19355","19355","6100","646","1565","383","383","0","326","265","55","30","43","0","305","3","43","0","32","0","83","10","40","0","0","0","138","9","0","10","0","0"
"publicpolygonfeature:5:38683","ZIP Code 19358","country:us/state:pa/zip:19358","19358","22","19","12","12","14","0","0","0","0","0","0","0","0","0","0","0","0","0","0","0","0","0","0","0","0","0","0","0","0","0"
"publicpolygonfeature:5:38684","ZIP Code 19362","country:us/state:pa/zip:19362","19362","657","443","335","360","568","0","75","78","43","34","16","0","0","0","0","0","0","0","11","0","32","52","0","0","6","10","0","0","0","0"
"publicpolygonfeature:5:38685","ZIP Code 19363","country:us/state:pa/zip:19363","19363","2535","1287","888","645","998","12","373","110","76","74","176","0","36","0","12","9","0","0","51","138","68","15","42","0","27","33","12","73","87","0"
"publicpolygonfeature:5:38686","ZIP Code 19365","country:us/state:pa/zip:19365","19365","1275","483","464","320","322","0","123","27","86","123","202","0","17","0","0","11","0","0","5","1","6","0","0","0","0","12","0","5","6","0"
"publicpolygonfeature:5:38687","ZIP Code 19367","country:us/state:pa/zip:19367","19367","0","0","0","0","0","0","0","0","0","0","0","0","0","0","0","0","0","0","0","0","0","3","0","0","0","0","0","0","0","0"
"publicpolygonfeature:5:38688","ZIP Code 19380","country:us/state:pa/zip:19380","19380","10190","1958","2936","1030","1003","14","658","215","338","116","32","66","215","38","37","0","1","0","112","173","227","21","63","0","220","0","66","36","51","0"
"publicpolygonfeature:5:38689","ZIP Code 19403","country:us/state:pa/zip:19403","19403","7443","2194","3270","1061","1610","0","443","289","341","115","136","0","163","45","26","27","62","0","119","67","63","14","10","0","74","126","73","22","18","0"
"publicpolygonfeature:5:38690","ZIP Code 19405","country:us/state:pa/zip:19405","19405","866","361","552","146","206","0","70","55","6","0","88","0","29","0","30","0","0","0","1","0","24","0","88","0","0","0","16","0","0","0"
"publicpolygonfeature:5:38691","ZIP Code 19406","country:us/state:pa/zip:19406","19406","6426","1454","2104","557","822","0","441","148","108","53","6","0","85","44","77","7","50","0","89","7","76","26","31","0","62","0","18","6","14","0"
"publicpolygonfeature:5:38692","ZIP Code 19382","country:us/state:pa/zip:19382","19382","11194","2675","3437","638","1281","16","560","382","279","96","40","0","251","0","25","20","0","0","442","80","265","30","84","0","312","52","176","1","0","0"
"publicpolygonfeature:5:38693","ZIP Code 19383","country:us/state:pa/zip:19383","19383","228","534","189","21","147","0","63","86","76","17","74","0","54","24","26","0","0","0","127","290","276","12","57","0","0","0","29","0","3","0"
"publicpolygonfeature:5:38694","ZIP Code 19390","country:us/state:pa/zip:19390","19390","2672","669","704","318","240","0","47","111","9","0","35","0","15","51","0","0","0","0","2","5","20","9","2","0","68","0","33","0","0","0"
"publicpolygonfeature:5:38695","ZIP Code 19425","country:us/state:pa/zip:19425","19425","3441","445","825","79","223","0","122","69","43","20","94","0","63","0","0","0","0","0","44","0","12","0","0","0","78","0","0","0","19","0"
"publicpolygonfeature:5:38696","ZIP Code 19426","country:us/state:pa/zip:19426","19426","6931","2054","2600","766","818","0","370","264","159","5","96","0","54","0","34","7","0","0","88","218","117","16","52","0","139","0","10","0","62","0"
"publicpolygonfeature:5:38697","ZIP Code 19428","country:us/state:pa/zip:19428","19428","4742","578","1537","329","472","5","203","135","123","24","8","0","337","102","29","10","18","0","173","15","67","0","12","0","81","0","41","3","0","0"
"publicpolygonfeature:5:38698","ZIP Code 19435","country:us/state:pa/zip:19435","19435","0","6","24","9","0","0","0","0","0","0","0","0","0","0","0","0","0","0","0","0","0","0","0","0","0","0","0","0","0","0"
"publicpolygonfeature:5:38699","ZIP Code 19436","country:us/state:pa/zip:19436","19436","0","0","0","0","0","0","0","0","0","0","0","0","0","0","0","0","0","0","0","0","0","0","0","0","0","0","0","0","0","0"
"publicpolygonfeature:5:38700","ZIP Code 19438","country:us/state:pa/zip:19438","19438","4377","978","1402","574","1146","0","528","194","252","137","101","0","47","8","0","0","0","0","31","42","44","6","16","0","52","18","0","0","20","0"
"publicpolygonfeature:5:38701","ZIP Code 19440","country:us/state:pa/zip:19440","19440","3181","833","1886","580","1120","0","359","118","111","82","290","0","49","0","35","0","1","0","0","25","11","14","15","0","70","0","8","0","48","0"
"publicpolygonfeature:5:38702","ZIP Code 19442","country:us/state:pa/zip:19442","19442","0","0","0","0","0","0","0","0","0","0","0","0","0","0","0","0","0","0","0","0","0","0","0","0","0","0","0","0","0","0"
"publicpolygonfeature:5:38703","ZIP Code 19444","country:us/state:pa/zip:19444","19444","2187","340","712","223","158","0","93","64","36","83","0","0","104","77","17","0","0","0","22","0","0","0","0","0","39","27","0","0","0","0"
"publicpolygonfeature:5:38704","ZIP Code 19446","country:us/state:pa/zip:19446","19446","10571","2353","3854","1845","2574","24","769","373","187","151","496","0","469","17","122","40","10","0","47","216","47","36","60","0","129","98","78","54","42","0"
"publicpolygonfeature:5:38705","ZIP Code 19453","country:us/state:pa/zip:19453","19453","107","74","50","46","60","0","26","22","0","0","0","0","0","0","0","0","0","0","0","0","0","0","0","0","37","0","0","0","0","0"
"publicpolygonfeature:5:38706","ZIP Code 19454","country:us/state:pa/zip:19454","19454","5075","1157","1950","383","983","0","147","368","127","10","209","0","242","25","110","33","35","0","106","62","72","0","0","0","19","116","5","18","7","0"
"publicpolygonfeature:5:38707","ZIP Code 19456","country:us/state:pa/zip:19456","19456","70","6","0","8","0","0","0","0","0","0","0","0","0","0","0","0","0","0","0","0","0","0","0","0","0","0","0","0","0","0"
"publicpolygonfeature:5:38708","ZIP Code 19457","country:us/state:pa/zip:19457","19457","12","0","62","0","0","0","0","0","0","0","0","0","0","0","0","0","0","0","0","0","0","0","0","0","0","0","0","0","0","0"
"publicpolygonfeature:5:38709","ZIP Code 19460","country:us/state:pa/zip:19460","19460","8846","1658","2646","1137","1044","0","518","305","163","141","276","0","100","17","160","0","21","0","220","145","56","13","49","0","114","35","46","78","119","0"
"publicpolygonfeature:5:38710","ZIP Code 19462","country:us/state:pa/zip:19462","19462","3071","567","1100","490","554","0","306","51","166","47","64","0","137","15","75","31","0","0","15","3","0","0","19","0","61","17","16","15","0","0"
"publicpolygonfeature:5:38711","ZIP Code 19464","country:us/state:pa/zip:19464","19464","6080","3082","3949","1574","2852","96","691","492","194","233","385","0","133","21","82","0","65","0","246","205","29","8","72","0","170","62","22","0","151","0"
"publicpolygonfeature:5:38712","ZIP Code 19465","country:us/state:pa/zip:19465","19465","3071","899","1197","807","617","0","196","141","121","59","31","0","0","0","0","0","0","0","12","13","0","0","0","0","61","15","0","0","43","0"
"publicpolygonfeature:5:38713","ZIP Code 19468","country:us/state:pa/zip:19468","19468","5266","1583","2327","804","989","0","182","192","250","54","203","0","29","0","12","0","0","0","31","10","44","8","17","0","53","0","30","0","31","0"
"publicpolygonfeature:5:38714","ZIP Code 19472","country:us/state:pa/zip:19472","19472","4","0","15","0","0","0","0","0","0","0","0","0","0","0","0","0","0","0","0","0","0","0","0","0","0","0","0","0","0","0"
"publicpolygonfeature:5:38715","ZIP Code 19473","country:us/state:pa/zip:19473","19473","4024","690","1036","473","501","0","421","74","73","0","6","0","47","0","0","4","0","0","10","10","24","0","0","0","51","36","33","0","0","0"
"publicpolygonfeature:5:38716","ZIP Code 19475","country:us/state:pa/zip:19475","19475","2211","347","668","393","508","0","31","103","0","0","73","0","25","14","0","0","0","0","0","0","11","43","13","0","36","29","10","0","0","0"
"publicpolygonfeature:5:38717","ZIP Code 19477","country:us/state:pa/zip:19477","19477","35","32","34","0","0","0","0","0","0","0","0","0","0","0","0","0","0","0","0","0","0","0","0","0","0","0","0","0","0","0"
"publicpolygonfeature:5:38718","ZIP Code 19492","country:us/state:pa/zip:19492","19492","15","0","80","15","0","0","0","0","13","0","0","0","0","0","0","0","0","0","0","0","0","0","0","0","0","0","0","0","0","0"
"publicpolygonfeature:5:38721","ZIP Code 19504","country:us/state:pa/zip:19504","19504","956","183","383","293","270","0","75","39","46","57","52","0","0","0","1","0","0","0","4","0","0","0","0","0","7","4","0","0","4","0"
"publicpolygonfeature:5:38722","ZIP Code 19809","country:us/state:de/zip:19809","19809","2573","468","886","337","359","0","247","184","85","10","56","0","121","0","49","0","41","0","70","16","17","0","4","0","79","4","48","10","0","0"
"publicpolygonfeature:5:38735","ZIP Code 19520","country:us/state:pa/zip:19520","19520","768","412","443","319","290","0","48","45","7","20","29","0","0","0","0","0","0","0","41","24","17","28","2","0","17","23","14","2","5","0"
"publicpolygonfeature:5:38738","ZIP Code 19525","country:us/state:pa/zip:19525","19525","3068","557","1564","590","964","0","244","159","80","62","84","0","0","0","0","0","0","0","41","0","9","0","19","0","0","0","18","0","0","0"
"publicpolygonfeature:5:38745","ZIP Code 19810","country:us/state:de/zip:19810","19810","4259","998","1734","447","756","0","299","194","105","0","82","0","218","85","38","0","101","0","13","108","2","0","2","0","45","83","9","45","0","0"
"publicpolygonfeature:5:38767","ZIP Code 19701","country:us/state:de/zip:19701","19701","7572","2559","3150","1021","1969","31","428","573","346","79","273","0","236","127","10","12","58","0","40","54","11","0","4","0","75","0","52","26","41","0"
"publicpolygonfeature:5:38775","ZIP Code 19717","country:us/state:de/zip:19717","19717","97","420","137","0","87","0","32","38","3","0","0","0","0","29","16","0","0","0","144","165","82","8","52","0","8","22","27","0","0","0"
"publicpolygonfeature:5:38777","ZIP Code 19702","country:us/state:de/zip:19702","19702","9234","3577","4144","1257","2873","16","745","507","670","217","114","0","300","103","106","0","88","0","60","10","112","1","40","0","262","83","10","217","18","0"
"publicpolygonfeature:5:38778","ZIP Code 19703","country:us/state:de/zip:19703","19703","2547","1195","1124","426","922","46","236","65","101","19","26","0","74","49","4","0","47","0","31","0","8","0","73","0","55","24","30","20","7","0"
"publicpolygonfeature:5:38779","ZIP Code 19706","country:us/state:de/zip:19706","19706","294","86","119","131","133","0","0","4","0","18","4","0","0","7","0","0","0","0","0","0","0","7","0","0","0","11","0","0","0","0"
"publicpolygonfeature:5:38780","ZIP Code 19707","country:us/state:de/zip:19707","19707","3634","397","823","321","218","0","238","118","8","0","19","0","64","0","0","1","0","0","126","61","31","0","0","0","0","0","0","0","20","0"
"publicpolygonfeature:5:38781","ZIP Code 19803","country:us/state:de/zip:19803","19803","4235","598","1146","521","605","0","376","174","57","0","37","0","23","0","10","0","4","0","41","43","48","13","0","0","25","28","21","0","0","0"
"publicpolygonfeature:5:38782","ZIP Code 19709","country:us/state:de/zip:19709","19709","9671","2559","3180","1428","1572","30","489","172","203","96","182","0","77","37","35","0","0","0","41","55","79","0","0","0","346","0","0","79","29","0"
"publicpolygonfeature:5:38783","ZIP Code 19710","country:us/state:de/zip:19710","19710","0","0","0","0","0","0","0","0","0","0","0","0","0","0","0","0","0","0","0","0","0","0","0","0","0","0","0","0","0","0"
"publicpolygonfeature:5:38784","ZIP Code 19711","country:us/state:de/zip:19711","19711","7591","2443","3027","1141","1429","16","444","362","457","167","144","0","146","28","95","11","27","0","906","404","330","70","21","0","320","151","78","52","17","0"
"publicpolygonfeature:5:38785","ZIP Code 19713","country:us/state:de/zip:19713","19713","3856","1804","2393","1403","1624","18","196","326","217","61","306","10","88","253","67","20","32","0","62","11","29","7","63","0","75","74","168","0","103","0"
"publicpolygonfeature:5:38786","ZIP Code 19716","country:us/state:de/zip:19716","19716","0","0","0","0","0","0","0","0","0","0","0","0","0","0","0","0","0","0","0","0","0","0","0","0","0","0","0","0","0","0"
"publicpolygonfeature:5:38787","ZIP Code 19720","country:us/state:de/zip:19720","19720","7393","4550","4164","1807","3806","10","849","687","385","233","345","19","138","453","147","43","177","0","48","187","87","124","176","0","156","137","40","111","56","0"
"publicpolygonfeature:5:38788","ZIP Code 19730","country:us/state:de/zip:19730","19730","52","21","8","24","29","0","3","3","0","0","0","0","0","0","0","0","0","0","0","0","0","0","0","0","0","0","0","0","0","0"
"publicpolygonfeature:5:38789","ZIP Code 19731","country:us/state:de/zip:19731","19731","9","65","82","14","17","0","0","0","0","0","0","0","0","0","0","0","0","0","0","0","0","0","0","0","0","0","0","0","0","0"
"publicpolygonfeature:5:38790","ZIP Code 19732","country:us/state:de/zip:19732","19732","19","0","0","0","0","0","0","0","0","0","0","0","0","0","0","0","0","0","0","0","0","0","0","0","0","0","0","0","0","0"
"publicpolygonfeature:5:38791","ZIP Code 19733","country:us/state:de/zip:19733","19733","22","25","11","21","25","0","0","0","0","0","0","0","0","0","0","0","0","0","0","0","0","0","0","0","0","0","0","0","0","0"
"publicpolygonfeature:5:38792","ZIP Code 19804","country:us/state:de/zip:19804","19804","3076","1127","1536","887","933","0","259","299","112","117","255","0","0","55","73","44","8","0","3","13","40","6","21","0","69","0","1","33","12","0"
"publicpolygonfeature:5:38794","ZIP Code 19734","country:us/state:de/zip:19734","19734","2206","648","735","561","560","0","170","30","62","115","50","0","56","0","1","30","7","0","5","0","0","0","0","0","31","1","0","0","97","0"
"publicpolygonfeature:5:38795","ZIP Code 19735","country:us/state:de/zip:19735","19735","0","0","0","0","0","0","0","0","0","0","0","0","0","0","0","0","0","0","0","0","0","0","0","0","0","0","0","0","0","0"
"publicpolygonfeature:5:38796","ZIP Code 19736","country:us/state:de/zip:19736","19736","0","0","0","0","0","0","0","0","0","0","0","0","0","0","0","0","0","0","0","0","0","0","0","0","0","0","0","0","0","0"
"publicpolygonfeature:5:38797","ZIP Code 19801","country:us/state:de/zip:19801","19801","2129","700","558","407","677","0","130","189","299","120","121","0","82","152","293","65","291","0","149","192","230","0","28","0","102","0","19","0","25","0"
"publicpolygonfeature:5:38798","ZIP Code 19802","country:us/state:de/zip:19802","19802","3145","1116","1823","541","1123","0","151","99","109","101","322","0","329","232","286","0","93","0","115","124","105","0","9","0","106","339","29","89","24","0"
"publicpolygonfeature:5:38799","ZIP Code 19805","country:us/state:de/zip:19805","19805","4192","3081","2651","1423","2303","0","240","576","191","456","211","0","216","455","159","41","230","0","154","263","93","6","38","0","99","95","37","17","117","0"
"publicpolygonfeature:5:38800","ZIP Code 19806","country:us/state:de/zip:19806","19806","2672","256","592","28","229","0","80","14","6","0","51","0","40","24","1","1","30","0","170","130","21","0","0","0","0","0","34","0","6","0"
"publicpolygonfeature:5:38801","ZIP Code 19807","country:us/state:de/zip:19807","19807","1786","82","389","21","111","0","85","0","12","0","0","0","81","0","10","0","0","0","76","0","0","0","0","0","131","0","0","10","0","0"
"publicpolygonfeature:5:38802","ZIP Code 19808","country:us/state:de/zip:19808","19808","6504","2356","2447","1681","1119","0","1081","505","425","311","307","0","59","44","59","0","21","0","159","41","24","15","9","0","38","92","16","0","4","0"
"publicpolygonfeature:5:38844","ZIP Code 19977","country:us/state:de/zip:19977","19977","3676","1717","1510","761","1333","142","131","150","159","182","39","0","73","21","1","1","2","0","10","30","0","0","0","0","14","27","0","0","1","0"
"publicpolygonfeature:5:39383","ZIP Code 21920","country:us/state:md/zip:21920","21920","132","126","122","54","111","0","0","0","0","0","0","0","0","0","0","0","0","0","0","0","0","0","0","0","0","0","0","0","0","0"
"publicpolygonfeature:5:39389","ZIP Code 21901","country:us/state:md/zip:21901","21901","3395","610","1368","876","1070","0","268","84","71","267","150","0","6","6","6","0","0","0","22","211","35","31","0","0","26","0","159","23","51","0"
"publicpolygonfeature:5:39390","ZIP Code 21902","country:us/state:md/zip:21902","21902","0","0","0","0","0","0","0","0","0","0","0","0","0","0","0","0","0","0","0","0","0","0","8","0","0","0","0","0","0","0"
"publicpolygonfeature:5:39391","ZIP Code 21903","country:us/state:md/zip:21903","21903","706","320","444","414","424","0","33","51","25","0","14","0","0","11","0","0","0","0","0","0","0","0","0","0","41","0","0","0","0","0"
"publicpolygonfeature:5:39393","ZIP Code 21904","country:us/state:md/zip:21904","21904","844","133","373","255","294","9","77","39","24","33","83","0","0","0","11","0","0","0","54","41","36","0","0","0","23","0","0","0","3","0"
"publicpolygonfeature:5:39394","ZIP Code 21911","country:us/state:md/zip:21911","21911","1599","459","411","644","591","0","226","126","0","60","93","0","6","0","0","16","0","0","12","13","0","0","5","0","19","0","36","10","52","0"
"publicpolygonfeature:5:39395","ZIP Code 21912","country:us/state:de/zip:21912","21912","240","14","37","25","110","0","0","0","0","0","0","0","0","0","0","0","0","0","0","0","0","0","16","0","0","0","0","0","0","0"
"publicpolygonfeature:5:39396","ZIP Code 21913","country:us/state:md/zip:21913","21913","130","100","23","34","74","0","18","0","0","0","21","0","0","0","0","0","0","0","17","0","10","0","3","0","0","0","0","0","0","0"
"publicpolygonfeature:5:39397","ZIP Code 21914","country:us/state:md/zip:21914","21914","65","69","91","0","26","0","24","0","11","0","0","0","0","0","0","0","0","0","0","0","0","0","0","0","0","0","0","0","0","0"
"publicpolygonfeature:5:39399","ZIP Code 21915","country:us/state:md/zip:21915","21915","218","175","226","241","113","0","7","27","2","8","32","0","0","0","0","0","0","0","10","9","117","0","3","0","0","0","0","0","0","0"
"publicpolygonfeature:5:39401","ZIP Code 21917","country:us/state:md/zip:21917","21917","243","101","243","181","63","0","36","0","0","46","48","0","0","0","0","0","0","0","0","0","0","0","0","0","0","0","0","0","0","0"
"publicpolygonfeature:5:39402","ZIP Code 21918","country:us/state:md/zip:21918","21918","588","193","276","215","151","0","73","0","0","0","14","0","0","0","0","0","0","0","0","0","0","17","0","0","0","0","0","0","0","0"
"publicpolygonfeature:5:39403","ZIP Code 21919","country:us/state:md/zip:21919","21919","401","111","274","240","214","0","32","0","117","14","17","0","0","3","0","0","0","0","15","0","0","0","0","0","0","0","0","35","0","0"
"publicpolygonfeature:5:39404","ZIP Code 21921","country:us/state:md/zip:21921","21921","6048","2025","3669","1396","2453","36","682","303","461","58","388","0","19","54","0","0","0","0","83","127","54","12","41","0","103","109","12","0","29","0"
"publicpolygonfeature:5:39405","ZIP Code 21930","country:us/state:md/zip:21930","21930","0","12","0","0","0","0","0","0","0","0","0","0","0","0","0","0","0","0","0","0","0","0","0","0","0","0","0","0","0","0"
"publicpolygonfeature:5:6671072","ZIP Code 18933","country:us/state:pa/zip:18933","18933","7","0","0","0","0","0","0","0","0","0","0","0","0","0","0","0","0","0","0","0","0","0","0","0","0","0","0","0","0","0"
"publicpolygonfeature:5:6675338","ZIP Code 19052","country:us/state:pa/zip:19052","19052","48","0","72","0","151","0","11","0","0","0","11","0","0","0","0","0","0","0","0","0","0","0","0","0","0","0","0","0","0","0"
"publicpolygonfeature:5:6678670","ZIP Code 19490","country:us/state:pa/zip:19490","19490","156","27","0","0","0","0","0","0","0","0","0","0","0","0","0","0","0","0","0","0","0","0","0","0","0","0","0","0","0","0"
"publicpolygonfeature:5:6679212","ZIP Code 18946","country:us/state:pa/zip:18946","18946","173","61","49","20","0","0","0","0","0","0","0","0","0","0","0","0","0","0","0","0","0","0","0","0","0","0","0","0","0","0"
"publicpolygonfeature:5:6683360","ZIP Code 18927","country:us/state:pa/zip:18927","18927","113","0","0","0","0","0","0","0","0","0","0","0","0","0","0","0","0","0","0","0","0","0","0","0","0","0","0","0","0","0"
"publicpolygonfeature:5:6691658","ZIP Code 19369","country:us/state:pa/zip:19369","19369","52","0","17","0","0","0","0","0","0","0","0","0","0","0","0","0","0","0","0","0","0","0","0","0","0","0","0","0","0","0"
"publicpolygonfeature:5:6699713","ZIP Code 08032","country:us/state:nj/zip:08032","08032","105","19","23","0","5","0","0","0","0","0","0","0","0","0","0","0","4","0","0","0","0","0","0","0","0","11","0","0","0","0"
"publicpolygonfeature:5:6701574","ZIP Code 18921","country:us/state:pa/zip:18921","18921","0","29","9","19","0","0","0","0","0","0","0","0","0","0","0","0","0","0","0","0","0","0","0","0","0","0","0","0","0","0"
"publicpolygonfeature:5:6702446","ZIP Code 19108","country:us/state:pa/zip:19108","19108","0","0","0","0","0","0","0","0","0","0","0","0","0","0","0","0","0","0","0","0","0","0","0","0","52","0","0","0","0","0"
"publicpolygonfeature:22:927938","Philadelphia-Camden-Wilmington, PA-NJ-DE-MD Area","country:us/state:pa/msa:philadelphia-camden-wilmington","37980","878509","299814","372871","147694","230547","2788","71644","47601","41601","19579","34364","331","81131","44729","36954","4935","19322","30","42227","22037","19432","3743","8465","274","27252","15110","11647","4140","7100","86"