"feature id","feature label","shid","geoid","Workers in Agriculture, Fishing, and Mining who Work From Home (2020-2024)","Workers in Construction who Work From Home (2020-2024)","Workers in Manufacturing who Work From Home (2020-2024)","Workers in Wholesale Trade who Work From Home (2020-2024)","Workers in Retail Trade who Work From Home (2020-2024)","Workers in Transportation who Work From Home (2020-2024)","Workers in Finance and Insurance who Work From Home (2020-2024)","Workers in Information who Work From Home (2020-2024)","Workers in Scientific and Professional who Work From Home (2020-2024)","Workers in Education and Health Care who Work From Home (2020-2024)","Workers in Arts, Food, and Entertainment who Work From Home (2020-2024)","Workers in Public Administration who Work From Home (2020-2024)","Workers in Other Services who Work From Home (2020-2024)","Workers in Armed Forces who Work From Home (2020-2024)","Workers in Agriculture, Fishing, and Mining who Commute to Work (2020-2024)","Workers in Construction who Commute to Work (2020-2024)","Workers in Manufacturing who Commute to Work (2020-2024)","Workers in Wholesale Trade who Commute to Work (2020-2024)","Workers in Retail Trade who Commute to Work (2020-2024)","Workers in Transportation who Commute to Work (2020-2024)","Workers in Finance and Insurance who Commute to Work (2020-2024)","Workers in Information who Commute to Work (2020-2024)","Workers in Scientific and Professional who Commute to Work (2020-2024)","Workers in Education and Health Care who Commute to Work (2020-2024)","Workers in Arts, Food, and Entertainment who Commute to Work (2020-2024)","Workers in Public Administration who Commute to Work (2020-2024)","Workers in Other Services who Commute to Work (2020-2024)","Workers in Armed Forces who Commute to Work (2020-2024)","Management, Business, Science, and Arts Occupations Work From Home (2020-2024)","Service Occupations Work From Home (2020-2024)","Sales and Office Occupations Work From Home (2020-2024)","Natural Resources, Construction, and Maintenance Occupations Work From Home (2020-2024)","Production, Transportation, and Material Moving Occupations Work From Home (2020-2024)","Military Occupations Work From Home (2020-2024)","Management, Business, Science, and Arts Occupations Commute to Work (2020-2024)","Service Occupations Commute to Work (2020-2024)","Sales and Office Occupations Commute to Work (2020-2024)","Natural Resources, Construction, and Maintenance Occupations Commute to Work (2020-2024)","Production, Transportation, and Material Moving Occupations Commute to Work (2020-2024)","Military Occupations Commute to Work (2020-2024)"
"publicpolygonfeature:5:44090","ZIP Code 40117","country:us/state:ky/zip:40117","40117","0","23","0","0","0","0","0","0","94","8","0","20","0","0","16","67","41","21","97","67","3","12","150","248","49","0","31","0","86","0","36","23","0","0","377","98","100","162","65","0"
"publicpolygonfeature:5:44105","ZIP Code 40118","country:us/state:ky/zip:40118","40118","0","10","0","34","18","38","14","4","16","69","0","24","43","0","24","603","772","187","602","779","215","7","438","729","226","91","99","24","121","15","61","24","49","0","935","589","1278","801","1169","24"
"publicpolygonfeature:5:44703","ZIP Code 40026","country:us/state:ky/zip:40026","40026","0","7","43","2","32","21","119","0","158","91","16","6","27","3","92","171","220","78","217","240","200","35","187","561","184","15","154","19","425","22","66","0","9","3","1148","277","496","196","256","0"
"publicpolygonfeature:5:45451","ZIP Code 40041","country:us/state:ky/zip:40041","40041","0","0","0","0","0","0","0","0","0","0","0","0","0","0","0","0","0","0","0","0","0","0","0","0","0","0","0","0","0","0","0","0","0","0","0","0","0","0","0","0"
"publicpolygonfeature:5:45466","ZIP Code 40202","country:us/state:ky/zip:40202","40202","0","24","18","47","0","32","77","87","24","91","37","19","0","0","0","134","297","15","116","17","103","66","535","622","272","111","102","0","296","23","99","24","14","0","1044","523","434","106","283","0"
"publicpolygonfeature:5:45468","ZIP Code 40203","country:us/state:ky/zip:40203","40203","0","49","199","13","36","26","206","7","305","333","23","59","28","0","19","438","436","216","765","300","498","42","611","1441","673","100","212","0","771","25","356","54","78","0","1618","1630","1267","502","734","0"
"publicpolygonfeature:5:45484","ZIP Code 40204","country:us/state:ky/zip:40204","40204","0","41","61","58","53","11","303","111","376","338","223","47","51","0","10","305","720","67","851","203","345","173","759","2201","916","148","358","28","1148","112","350","23","40","0","4231","878","990","291","694","0"
"publicpolygonfeature:5:45487","ZIP Code 40205","country:us/state:ky/zip:40205","40205","32","89","215","48","100","54","460","192","593","483","56","84","92","0","4","457","718","231","716","482","771","179","1201","3324","1148","287","552","10","1654","66","625","97","56","0","6178","1250","1691","261","700","0"
"publicpolygonfeature:5:45495","ZIP Code 40206","country:us/state:ky/zip:40206","40206","0","20","221","37","34","16","395","48","608","238","58","72","94","0","101","337","950","188","1380","565","573","64","1216","2886","1139","387","549","0","1448","53","340","0","0","0","5326","1395","1975","350","1289","0"
"publicpolygonfeature:5:45500","ZIP Code 40207","country:us/state:ky/zip:40207","40207","7","114","208","77","237","233","498","133","1091","589","107","65","165","0","31","500","929","358","1290","662","1189","159","1651","3313","1101","325","485","64","2742","119","630","6","27","0","7523","1067","2160","470","803","34"
"publicpolygonfeature:5:45508","ZIP Code 40208","country:us/state:ky/zip:40208","40208","0","11","59","0","58","8","92","52","233","329","71","101","27","0","29","79","776","155","1281","814","295","85","540","2393","998","141","87","34","485","158","318","13","67","0","2638","1423","1921","181","1531","13"
"publicpolygonfeature:5:45512","ZIP Code 40209","country:us/state:ky/zip:40209","40209","0","0","0","0","0","0","0","0","0","0","0","0","0","0","0","4","133","0","0","0","0","0","0","40","10","0","89","0","0","0","0","0","0","0","48","99","0","4","125","0"
"publicpolygonfeature:5:45514","ZIP Code 40210","country:us/state:ky/zip:40210","40210","0","0","24","41","7","17","225","8","34","35","13","18","40","0","0","155","787","79","511","569","104","10","455","860","640","22","92","66","273","22","83","37","47","0","927","1025","981","208","1143","66"
"publicpolygonfeature:5:45516","ZIP Code 40052","country:us/state:ky/zip:40052","40052","0","0","0","0","0","0","0","0","0","0","0","0","0","0","0","93","53","0","0","4","0","25","0","59","0","20","34","0","0","0","0","0","0","0","63","40","71","64","50","0"
"publicpolygonfeature:5:45527","ZIP Code 40211","country:us/state:ky/zip:40211","40211","0","0","6","0","73","3","130","0","155","46","6","42","23","0","11","217","930","56","698","622","486","35","515","1336","899","256","440","0","186","47","245","0","6","0","1287","1679","1272","319","1944","0"
"publicpolygonfeature:5:45530","ZIP Code 40212","country:us/state:ky/zip:40212","40212","0","8","50","0","41","72","82","0","69","104","0","26","84","0","0","234","559","149","453","320","124","188","285","1106","726","145","194","48","325","56","51","8","96","0","1091","1065","905","310","1112","48"
"publicpolygonfeature:5:45535","ZIP Code 40055","country:us/state:ky/zip:40055","40055","0","3","5","0","9","0","5","0","3","0","0","11","0","0","14","90","182","0","112","82","53","0","68","165","24","35","19","0","19","0","14","3","0","0","249","82","127","234","152","0"
"publicpolygonfeature:5:45542","ZIP Code 40056","country:us/state:ky/zip:40056","40056","0","15","29","8","12","0","114","11","39","59","3","5","0","0","13","62","187","28","97","78","182","49","141","372","152","67","83","0","196","0","86","10","3","0","737","211","295","65","203","0"
"publicpolygonfeature:5:45544","ZIP Code 40067","country:us/state:ky/zip:40067","40067","10","0","14","12","17","17","97","45","58","117","0","0","14","0","69","443","309","44","267","208","152","18","206","601","194","106","119","36","287","13","71","17","13","0","1236","271","695","295","275","0"
"publicpolygonfeature:5:45551","ZIP Code 40218","country:us/state:ky/zip:40218","40218","0","38","80","2","228","48","609","19","417","364","9","40","180","0","19","641","1748","420","1800","1744","782","139","1044","3650","1659","473","1170","47","1240","257","313","162","62","0","4446","3457","2513","1411","3470","39"
"publicpolygonfeature:5:45667","ZIP Code 40003","country:us/state:ky/zip:40003","40003","0","0","0","0","0","0","13","0","72","12","0","0","0","0","0","36","146","0","146","38","50","0","38","222","50","51","9","0","35","0","62","0","0","0","366","84","158","61","117","0"
"publicpolygonfeature:5:45669","ZIP Code 40007","country:us/state:ky/zip:40007","40007","0","0","0","0","9","0","0","0","0","0","0","0","0","0","15","0","0","8","0","0","0","0","0","0","0","0","0","0","0","0","9","0","0","0","15","0","0","8","0","0"
"publicpolygonfeature:5:45670","ZIP Code 40004","country:us/state:ky/zip:40004","40004","5","15","59","51","85","0","145","0","151","184","8","110","28","0","113","788","3295","367","1597","837","478","94","768","3389","1080","602","505","72","449","54","275","25","38","0","4637","2634","2205","833","3640","36"
"publicpolygonfeature:5:45671","ZIP Code 40010","country:us/state:ky/zip:40010","40010","0","0","0","0","24","11","0","0","33","0","0","0","0","0","13","35","59","0","66","0","79","0","26","96","19","10","19","0","68","0","0","0","0","0","174","87","67","35","59","0"
"publicpolygonfeature:5:45672","ZIP Code 40008","country:us/state:ky/zip:40008","40008","24","8","0","8","0","21","0","0","13","22","0","0","10","0","11","123","446","19","207","124","60","3","205","389","104","37","77","0","54","10","30","12","0","0","534","236","357","232","446","0"
"publicpolygonfeature:5:45674","ZIP Code 40011","country:us/state:ky/zip:40011","40011","0","8","0","0","4","0","15","0","10","4","0","3","0","0","53","108","179","5","203","65","102","0","31","208","43","84","34","0","16","0","16","8","4","0","255","199","342","144","175","0"
"publicpolygonfeature:5:45675","ZIP Code 40012","country:us/state:ky/zip:40012","40012","0","0","0","0","0","0","0","0","11","0","0","0","0","0","0","12","72","0","0","91","0","0","0","123","0","9","54","0","11","0","0","0","0","0","76","68","44","23","150","0"
"publicpolygonfeature:5:45676","ZIP Code 40022","country:us/state:ky/zip:40022","40022","21","5","0","6","0","0","15","0","17","0","0","0","0","0","0","70","50","4","34","52","8","0","30","86","5","1","55","0","36","0","23","5","0","0","103","20","100","82","90","0"
"publicpolygonfeature:5:45677","ZIP Code 40013","country:us/state:ky/zip:40013","40013","35","0","19","0","18","14","18","0","16","110","0","0","5","0","55","473","327","65","212","203","82","7","64","956","42","122","146","0","162","41","18","14","0","0","1151","251","365","541","446","0"
"publicpolygonfeature:5:45678","ZIP Code 40023","country:us/state:ky/zip:40023","40023","0","75","51","0","13","33","258","10","106","107","0","9","26","0","21","199","428","25","453","219","224","34","167","601","107","70","101","0","336","20","236","51","45","0","1274","220","457","195","503","0"
"publicpolygonfeature:5:45679","ZIP Code 40025","country:us/state:ky/zip:40025","40025","0","0","0","0","5","2","20","0","40","2","0","0","0","0","0","0","15","3","22","5","22","3","38","73","5","5","7","0","59","0","7","0","3","0","158","12","21","0","7","0"
"publicpolygonfeature:5:45680","ZIP Code 40014","country:us/state:ky/zip:40014","40014","0","123","337","12","246","61","384","0","546","688","111","11","64","0","46","887","1328","249","856","574","765","104","866","2238","682","312","347","74","1735","105","689","10","44","0","4494","1064","1851","689","1213","17"
"publicpolygonfeature:5:45681","ZIP Code 40019","country:us/state:ky/zip:40019","40019","0","0","0","0","0","0","17","0","19","38","25","11","0","0","40","77","373","18","207","128","115","1","84","268","117","65","77","4","64","29","17","0","0","0","409","309","272","74","506","4"
"publicpolygonfeature:5:45682","ZIP Code 40020","country:us/state:ky/zip:40020","40020","0","0","0","0","0","2","0","0","0","0","0","0","0","0","0","1","27","0","0","9","8","0","2","16","0","1","0","0","0","0","2","0","0","0","33","0","1","25","5","0"
"publicpolygonfeature:5:45683","ZIP Code 40031","country:us/state:ky/zip:40031","40031","66","106","63","0","102","133","305","38","316","401","19","50","15","0","81","626","1367","83","1149","541","580","149","951","2567","956","415","430","0","1042","144","311","76","41","0","4233","1800","1373","722","1767","0"
"publicpolygonfeature:5:45684","ZIP Code 40036","country:us/state:ky/zip:40036","40036","0","0","0","0","0","0","0","0","0","0","0","0","0","0","9","0","0","0","0","0","0","0","0","0","0","0","0","0","0","0","0","0","0","0","0","0","0","0","9","0"
"publicpolygonfeature:5:45686","ZIP Code 40228","country:us/state:ky/zip:40228","40228","58","3","148","30","30","131","340","35","217","258","5","102","39","0","9","295","1367","57","1039","892","545","47","717","1641","758","423","277","16","753","44","478","21","100","0","2792","1385","1670","367","1869","0"
"publicpolygonfeature:5:45687","ZIP Code 40046","country:us/state:ky/zip:40046","40046","12","0","0","0","0","0","6","0","21","0","0","0","0","0","14","32","120","6","128","0","0","0","58","132","0","7","0","0","18","0","21","0","0","0","110","117","70","72","128","0"
"publicpolygonfeature:5:45688","ZIP Code 40047","country:us/state:ky/zip:40047","40047","8","79","126","74","112","61","448","33","189","242","16","6","39","0","53","823","1772","284","1149","1113","472","74","794","2328","638","509","624","40","872","52","370","121","18","0","3805","1315","2195","1034","2311","13"
"publicpolygonfeature:5:45691","ZIP Code 40050","country:us/state:ky/zip:40050","40050","0","0","0","0","0","0","0","0","0","12","0","2","3","0","16","32","178","22","95","38","5","0","25","195","30","102","28","0","8","3","6","0","0","0","307","94","100","71","194","0"
"publicpolygonfeature:5:45692","ZIP Code 40051","country:us/state:ky/zip:40051","40051","0","0","18","0","101","26","3","8","52","9","0","1","20","0","3","128","699","0","155","120","133","0","85","376","83","98","80","0","44","29","139","16","10","0","658","189","354","178","581","0"
"publicpolygonfeature:5:45693","ZIP Code 40057","country:us/state:ky/zip:40057","40057","19","0","0","0","37","0","74","8","47","29","16","67","15","0","39","147","259","44","262","51","53","17","172","291","40","73","56","0","205","18","14","33","42","0","403","248","317","201","335","0"
"publicpolygonfeature:5:45694","ZIP Code 40058","country:us/state:ky/zip:40058","40058","0","0","0","0","0","0","0","0","0","0","0","0","0","0","0","0","0","0","0","0","0","0","0","0","0","0","0","0","0","0","0","0","0","0","0","0","0","0","0","0"
"publicpolygonfeature:5:45695","ZIP Code 40059","country:us/state:ky/zip:40059","40059","4","0","145","67","219","86","710","34","492","194","34","67","56","0","36","295","839","124","869","454","807","119","1117","1882","473","155","336","14","1457","29","550","26","46","0","4432","667","1430","355","636","0"
"publicpolygonfeature:5:45699","ZIP Code 40068","country:us/state:ky/zip:40068","40068","6","0","44","0","38","35","12","0","61","28","10","0","0","0","50","167","203","9","159","76","49","34","14","118","127","52","86","0","141","34","11","13","35","0","340","189","128","183","304","0"
"publicpolygonfeature:5:45700","ZIP Code 40065","country:us/state:ky/zip:40065","40065","173","105","149","50","88","125","323","99","278","316","68","187","24","0","131","926","2896","165","1871","968","852","98","923","2738","903","543","617","44","1143","226","477","33","106","0","4206","2086","2746","1174","3463","0"
"publicpolygonfeature:5:45702","ZIP Code 40070","country:us/state:ky/zip:40070","40070","0","0","0","0","0","0","0","0","0","0","0","0","0","0","26","33","21","0","4","15","0","0","7","20","53","4","21","0","0","0","0","0","0","0","105","52","33","0","14","0"
"publicpolygonfeature:5:45703","ZIP Code 40071","country:us/state:ky/zip:40071","40071","0","15","90","0","8","91","248","9","261","255","20","0","8","0","40","659","1212","182","671","717","265","32","456","1661","620","219","377","0","597","62","342","0","4","0","2388","1033","1426","804","1460","0"
"publicpolygonfeature:5:45704","ZIP Code 40075","country:us/state:ky/zip:40075","40075","13","0","0","0","0","0","0","0","28","33","0","0","0","0","24","0","72","0","72","44","10","8","12","54","0","50","15","0","46","0","28","0","0","0","131","88","31","23","88","0"
"publicpolygonfeature:5:45705","ZIP Code 40076","country:us/state:ky/zip:40076","40076","0","0","0","0","0","0","15","11","0","39","0","42","0","0","23","94","160","6","185","77","68","0","109","207","14","112","44","0","69","5","33","0","0","0","257","211","212","157","262","0"
"publicpolygonfeature:5:45706","ZIP Code 40077","country:us/state:ky/zip:40077","40077","0","0","12","0","0","0","14","0","17","0","0","0","0","0","5","15","81","9","0","4","0","0","0","44","48","0","20","0","26","5","6","0","6","0","50","41","40","21","74","0"
"publicpolygonfeature:5:45707","ZIP Code 40108","country:us/state:ky/zip:40108","40108","9","49","6","6","62","8","114","8","66","96","0","34","0","9","88","657","760","58","621","585","235","136","232","946","699","295","203","28","268","23","137","30","0","9","1513","852","1009","965","1194","10"
"publicpolygonfeature:5:45709","ZIP Code 40104","country:us/state:ky/zip:40104","40104","0","0","0","0","0","0","0","0","13","22","0","12","0","0","0","27","81","0","0","54","0","0","0","87","9","0","76","0","25","22","0","0","0","0","67","27","71","114","55","0"
"publicpolygonfeature:5:45710","ZIP Code 40107","country:us/state:ky/zip:40107","40107","0","0","0","0","0","0","0","0","11","22","5","0","17","0","28","147","154","8","132","192","0","0","52","119","0","75","51","0","33","5","0","17","0","0","150","104","156","174","374","0"
"publicpolygonfeature:5:45711","ZIP Code 40109","country:us/state:ky/zip:40109","40109","0","0","51","0","15","0","0","0","56","29","0","18","0","0","0","95","101","0","6","168","0","18","61","271","3","66","40","0","86","18","16","0","49","0","370","114","163","51","131","0"
"publicpolygonfeature:5:45712","ZIP Code 40110","country:us/state:ky/zip:40110","40110","0","0","0","0","0","0","0","0","0","17","0","0","0","0","0","18","9","0","0","8","0","0","0","259","0","6","0","0","17","0","0","0","0","0","265","0","9","26","0","0"
"publicpolygonfeature:5:45714","ZIP Code 40121","country:us/state:ky/zip:40121","40121","0","1","8","0","5","0","62","0","45","10","9","51","0","37","62","27","47","19","214","19","111","45","53","210","87","270","24","3171","86","35","92","0","1","14","1546","276","467","444","149","1477"
"publicpolygonfeature:5:45716","ZIP Code 40142","country:us/state:ky/zip:40142","40142","0","0","0","0","0","0","0","12","9","0","0","50","0","0","0","119","52","0","29","102","0","0","59","355","254","51","17","12","21","0","50","0","0","0","165","322","256","134","173","0"
"publicpolygonfeature:5:45719","ZIP Code 40161","country:us/state:ky/zip:40161","40161","0","0","0","0","0","0","0","0","0","0","0","0","0","0","8","18","2","0","0","0","0","0","0","41","0","0","6","0","0","0","0","0","0","0","33","8","0","24","10","0"
"publicpolygonfeature:5:45723","ZIP Code 40150","country:us/state:ky/zip:40150","40150","10","0","46","15","3","15","31","0","20","15","0","0","4","0","19","186","371","38","250","344","34","18","127","481","93","106","50","0","69","0","52","0","38","0","408","201","569","270","669","0"
"publicpolygonfeature:5:45725","ZIP Code 40155","country:us/state:ky/zip:40155","40155","0","22","19","0","30","0","0","12","0","51","0","0","0","0","0","6","31","1","120","34","12","0","81","52","22","0","25","0","41","32","20","41","0","0","37","115","116","39","77","0"
"publicpolygonfeature:5:45726","ZIP Code 40157","country:us/state:ky/zip:40157","40157","0","0","0","0","0","0","0","0","0","0","0","4","0","0","9","32","54","7","56","27","18","22","49","30","55","35","26","0","4","0","0","0","0","0","154","39","86","35","106","0"
"publicpolygonfeature:5:45731","ZIP Code 40165","country:us/state:ky/zip:40165","40165","77","31","29","21","39","225","485","1","354","285","25","62","115","0","151","1431","2401","460","2637","2117","705","181","1448","3082","1010","764","493","47","1136","98","380","38","97","0","4798","2279","3997","1877","3952","24"
"publicpolygonfeature:5:45732","ZIP Code 40175","country:us/state:ky/zip:40175","40175","95","0","21","11","0","30","28","0","127","281","15","153","16","42","115","415","666","245","1332","622","171","32","560","1289","626","582","271","151","639","34","135","0","11","0","2309","1090","1208","787","1672","11"
"publicpolygonfeature:5:45733","ZIP Code 40176","country:us/state:ky/zip:40176","40176","0","0","0","0","0","0","0","0","0","0","0","0","0","0","0","93","40","47","97","62","0","0","28","57","5","9","18","0","0","0","0","0","0","0","116","19","139","125","57","0"
"publicpolygonfeature:5:45734","ZIP Code 40177","country:us/state:ky/zip:40177","40177","0","0","4","0","0","0","0","0","0","11","0","0","0","0","0","30","127","0","92","89","24","0","51","89","69","11","18","22","11","0","4","0","0","0","101","83","163","82","188","5"
"publicpolygonfeature:5:45735","ZIP Code 40213","country:us/state:ky/zip:40213","40213","0","7","12","13","5","54","137","49","271","225","27","32","0","0","69","415","981","384","970","721","299","59","633","1358","593","206","577","7","584","95","110","0","43","0","2105","1146","1173","680","2166","2"
"publicpolygonfeature:5:45736","ZIP Code 40214","country:us/state:ky/zip:40214","40214","0","78","135","12","15","111","586","55","332","293","99","58","68","0","24","1200","3042","357","2715","3468","788","373","1342","4030","1485","535","1018","32","934","149","523","82","154","0","5373","2690","4104","1607","6635","0"
"publicpolygonfeature:5:45737","ZIP Code 40215","country:us/state:ky/zip:40215","40215","0","75","40","0","76","0","70","5","43","232","91","68","66","0","61","645","1501","195","980","929","217","99","517","1424","641","233","506","0","335","168","153","90","20","0","1472","1576","1289","1105","2506","0"
"publicpolygonfeature:5:45738","ZIP Code 40216","country:us/state:ky/zip:40216","40216","0","46","208","0","75","214","436","61","269","302","36","216","110","38","0","751","2892","349","1832","2456","815","100","1093","4293","1433","431","746","8","758","68","621","117","409","38","4221","3462","3608","1248","4660","0"
"publicpolygonfeature:5:45739","ZIP Code 40217","country:us/state:ky/zip:40217","40217","0","27","100","27","15","7","53","17","386","173","76","3","9","0","24","386","686","132","452","448","284","183","698","1697","859","165","150","9","732","58","86","0","17","0","2940","910","940","444","939","0"
"publicpolygonfeature:5:45740","ZIP Code 40219","country:us/state:ky/zip:40219","40219","0","45","296","54","41","253","379","24","215","230","68","15","134","0","73","1043","2752","661","1949","2190","804","239","1713","2869","1326","341","796","110","1078","68","386","39","183","0","3628","2791","3343","1739","5332","33"
"publicpolygonfeature:5:45741","ZIP Code 40220","country:us/state:ky/zip:40220","40220","0","90","144","87","196","176","667","41","785","489","81","64","45","0","29","548","1615","350","1784","1217","1269","263","1236","4023","1711","612","781","31","1913","142","591","106","113","0","6597","2459","3391","819","2203","0"
"publicpolygonfeature:5:45742","ZIP Code 40222","country:us/state:ky/zip:40222","40222","0","122","226","53","171","11","274","25","465","383","124","48","38","0","19","388","1058","279","921","877","679","112","1283","2531","790","195","301","37","1522","27","360","4","27","0","4901","1100","1916","355","1161","37"
"publicpolygonfeature:5:45743","ZIP Code 40223","country:us/state:ky/zip:40223","40223","0","11","106","94","119","119","601","147","514","406","91","112","44","0","24","514","1055","224","676","388","518","62","885","2597","875","177","366","62","1521","59","686","0","98","0","4790","1141","1266","360","849","17"
"publicpolygonfeature:5:45744","ZIP Code 40229","country:us/state:ky/zip:40229","40229","0","131","93","131","210","258","567","95","360","361","78","252","136","0","16","1129","3225","353","2152","3129","856","184","1221","4165","1211","626","850","109","1407","235","736","113","181","0","5372","2577","3457","1859","5891","70"
"publicpolygonfeature:5:45745","ZIP Code 40231","country:us/state:ky/zip:40231","40231","0","0","0","0","0","0","0","0","0","0","0","0","0","0","0","0","0","0","0","0","0","0","0","0","0","0","0","0","0","0","0","0","0","0","0","0","0","0","0","0"
"publicpolygonfeature:5:45746","ZIP Code 40241","country:us/state:ky/zip:40241","40241","12","71","151","67","156","66","644","160","592","579","148","17","110","0","0","619","1199","260","1598","976","932","150","1236","4369","986","523","381","1","1824","83","809","11","46","0","6824","1677","2318","536","1874","1"
"publicpolygonfeature:5:45747","ZIP Code 40242","country:us/state:ky/zip:40242","40242","5","7","38","8","124","18","176","51","288","203","38","21","22","0","3","266","589","120","546","444","395","63","362","1126","474","151","323","4","642","50","282","2","23","0","1990","701","1189","268","714","4"
"publicpolygonfeature:5:45748","ZIP Code 40243","country:us/state:ky/zip:40243","40243","0","2","121","7","56","14","113","12","139","124","17","10","18","0","3","244","507","50","865","245","446","50","476","1241","692","168","277","10","389","3","193","0","48","0","2674","501","1459","183","449","8"
"publicpolygonfeature:5:45749","ZIP Code 40245","country:us/state:ky/zip:40245","40245","10","288","526","75","270","125","729","71","850","812","290","14","74","10","61","772","1828","508","1573","1001","1437","362","1411","4091","1023","385","663","31","2942","202","695","178","117","10","8252","1336","3129","549","1849","31"
"publicpolygonfeature:5:45750","ZIP Code 40258","country:us/state:ky/zip:40258","40258","0","87","301","9","79","96","369","86","104","125","25","25","16","0","14","795","1507","356","1382","1621","385","126","781","2178","730","602","745","68","531","72","332","65","322","0","3245","1616","2427","922","3034","46"
"publicpolygonfeature:5:45751","ZIP Code 40272","country:us/state:ky/zip:40272","40272","0","17","155","10","80","61","510","68","260","451","29","41","0","0","11","939","2337","471","1672","2399","830","536","1129","3361","965","370","795","29","1053","11","536","31","51","0","3899","2703","3518","1754","3941","29"
"publicpolygonfeature:5:45752","ZIP Code 40280","country:us/state:ky/zip:40280","40280","0","0","0","0","0","0","0","0","0","20","6","0","0","0","0","0","10","0","16","10","0","0","7","10","37","0","6","0","20","0","6","0","0","0","20","30","25","0","21","0"
"publicpolygonfeature:5:45754","ZIP Code 40291","country:us/state:ky/zip:40291","40291","0","33","199","33","163","45","745","162","518","533","169","83","114","25","27","990","3199","608","1652","1954","869","259","1139","3535","1644","382","1530","73","1656","337","686","103","40","0","6900","2251","3406","1265","3988","51"
"publicpolygonfeature:5:45755","ZIP Code 40299","country:us/state:ky/zip:40299","40299","31","194","229","97","151","260","726","93","651","634","104","65","124","0","37","716","2248","560","1633","1059","1330","159","1713","5128","1498","545","1002","52","1853","280","755","223","248","0","7808","2765","3221","1128","2727","31"
"publicpolygonfeature:5:47979","ZIP Code 47104","country:us/state:in/zip:47104","47104","0","0","0","0","0","0","0","0","0","0","0","0","0","0","0","0","0","0","0","0","0","0","0","0","0","0","0","0","0","0","0","0","0","0","0","0","0","0","0","0"
"publicpolygonfeature:5:47982","ZIP Code 47114","country:us/state:in/zip:47114","47114","0","0","0","0","0","0","0","0","3","5","0","0","0","0","0","27","53","15","10","30","0","0","31","7","20","0","4","0","5","0","3","0","0","0","88","20","42","35","12","0"
"publicpolygonfeature:5:47986","ZIP Code 47120","country:us/state:in/zip:47120","47120","0","0","11","0","0","0","18","0","0","0","0","0","0","0","13","43","44","0","45","22","0","0","6","112","0","36","0","0","0","0","18","0","11","0","38","65","69","47","102","0"
"publicpolygonfeature:5:47988","ZIP Code 47106","country:us/state:in/zip:47106","47106","0","13","46","3","0","5","47","4","32","28","0","0","9","0","58","252","391","63","195","102","80","2","228","468","122","60","143","0","58","0","120","9","0","0","498","378","393","378","517","0"
"publicpolygonfeature:5:47989","ZIP Code 47108","country:us/state:in/zip:47108","47108","18","0","0","0","0","0","0","0","16","35","0","1","0","0","67","58","354","15","83","19","0","9","51","160","76","30","26","0","70","0","0","0","0","0","219","155","78","81","415","0"
"publicpolygonfeature:5:47990","ZIP Code 47110","country:us/state:in/zip:47110","47110","0","0","0","0","0","0","0","0","0","0","0","0","0","0","0","77","0","0","26","0","14","0","0","76","0","48","12","0","0","0","0","0","0","0","89","16","57","91","0","0"
"publicpolygonfeature:5:47992","ZIP Code 47111","country:us/state:in/zip:47111","47111","0","133","93","0","112","8","386","25","245","126","40","108","40","0","37","357","1227","139","934","660","371","145","561","1976","712","425","305","0","658","92","302","105","159","0","3105","1038","1596","448","1662","0"
"publicpolygonfeature:5:47993","ZIP Code 47112","country:us/state:in/zip:47112","47112","32","10","41","62","25","33","275","16","195","107","13","37","18","0","68","598","904","189","802","559","294","70","405","1950","642","331","247","0","396","82","315","14","57","0","2365","1276","1233","905","1280","0"
"publicpolygonfeature:5:47994","ZIP Code 47115","country:us/state:in/zip:47115","47115","0","0","0","0","0","0","3","0","3","26","0","6","0","0","36","65","141","15","67","166","92","0","34","352","15","44","144","0","10","25","0","0","3","0","425","112","326","126","182","0"
"publicpolygonfeature:5:47996","ZIP Code 47122","country:us/state:in/zip:47122","47122","0","0","38","24","44","63","315","6","152","116","12","40","34","0","0","315","693","193","512","386","406","56","367","1337","278","176","288","0","472","49","274","0","49","0","2211","650","952","463","731","0"
"publicpolygonfeature:5:47998","ZIP Code 47117","country:us/state:in/zip:47117","47117","0","9","32","17","2","0","19","13","30","64","0","2","0","0","0","201","343","23","221","180","36","22","80","419","175","29","80","0","139","28","21","0","0","0","482","399","198","328","402","0"
"publicpolygonfeature:5:47999","ZIP Code 47124","country:us/state:in/zip:47124","47124","2","12","57","14","70","27","38","3","21","25","21","8","1","0","27","161","415","14","110","181","203","8","132","575","159","137","86","0","147","39","64","0","49","0","1107","253","303","205","340","0"
"publicpolygonfeature:5:48000","ZIP Code 47125","country:us/state:in/zip:47125","47125","37","0","0","0","0","0","0","0","0","6","1","0","0","0","34","113","101","16","136","77","10","0","37","340","4","0","34","0","43","0","0","0","1","0","156","160","175","214","197","0"
"publicpolygonfeature:5:48003","ZIP Code 47119","country:us/state:in/zip:47119","47119","0","0","113","26","64","18","140","10","312","117","48","16","17","0","46","417","1061","146","383","250","271","23","340","1289","591","266","270","38","557","65","233","0","26","0","2468","777","1056","379","711","0"
"publicpolygonfeature:5:48005","ZIP Code 47126","country:us/state:in/zip:47126","47126","0","29","11","0","0","0","94","20","129","66","0","0","19","0","0","195","553","50","122","135","25","16","90","442","86","89","62","0","301","0","67","0","0","0","736","213","164","345","407","0"
"publicpolygonfeature:5:48006","ZIP Code 47129","country:us/state:in/zip:47129","47129","0","0","62","42","0","62","386","56","63","61","33","212","4","0","0","935","1759","105","1250","597","196","60","612","1519","988","348","259","0","405","50","491","5","30","0","2341","1493","1526","1122","2146","0"
"publicpolygonfeature:5:48007","ZIP Code 47130","country:us/state:in/zip:47130","47130","0","163","212","42","126","241","1173","100","482","387","191","72","37","0","40","1079","3189","379","2273","2232","1216","260","1985","4395","2393","911","1352","2","1688","192","1165","73","108","0","7061","3959","4590","1416","4680","0"
"publicpolygonfeature:5:48008","ZIP Code 47142","country:us/state:in/zip:47142","47142","0","0","0","0","0","0","0","0","0","0","0","0","0","0","0","14","75","0","26","40","0","0","22","93","30","0","21","0","0","0","0","0","0","0","82","71","45","56","67","0"
"publicpolygonfeature:5:48009","ZIP Code 47135","country:us/state:in/zip:47135","47135","0","0","7","0","0","0","22","0","0","10","0","0","0","0","0","62","167","0","18","29","14","0","1","12","22","40","26","2","32","0","7","0","0","0","64","35","56","97","141","0"
"publicpolygonfeature:5:48010","ZIP Code 47136","country:us/state:in/zip:47136","47136","0","29","64","0","17","8","55","18","64","105","0","2","0","0","4","153","300","29","176","201","146","4","139","392","115","37","120","20","247","12","62","17","24","0","635","205","413","227","347","9"
"publicpolygonfeature:5:48015","ZIP Code 47141","country:us/state:in/zip:47141","47141","0","0","10","0","12","0","0","0","26","9","0","0","10","0","28","103","226","19","32","5","0","17","66","171","36","26","26","0","21","9","27","10","0","0","219","86","164","109","177","0"
"publicpolygonfeature:5:48018","ZIP Code 47143","country:us/state:in/zip:47143","47143","0","0","48","43","0","18","178","48","0","11","0","0","0","0","0","89","436","48","212","99","73","0","97","561","101","109","84","0","119","11","216","0","0","0","808","167","378","90","466","0"
"publicpolygonfeature:5:48020","ZIP Code 47162","country:us/state:in/zip:47162","47162","0","0","0","0","0","0","0","8","0","3","0","0","0","0","0","13","64","0","62","22","15","0","0","41","0","8","0","0","11","0","0","0","0","0","63","21","65","13","63","0"
"publicpolygonfeature:5:48021","ZIP Code 47147","country:us/state:in/zip:47147","47147","0","0","9","0","0","7","0","0","0","13","0","0","0","0","24","26","340","0","42","25","7","19","83","88","50","43","49","0","9","0","13","0","7","0","153","104","79","50","410","0"
"publicpolygonfeature:5:48022","ZIP Code 47150","country:us/state:in/zip:47150","47150","0","70","422","39","140","121","616","94","690","612","59","85","106","0","68","989","3398","672","2578","1664","903","380","1903","4578","1733","634","595","82","1774","157","927","89","107","0","6836","3226","4053","1845","4181","36"
"publicpolygonfeature:5:48023","ZIP Code 47160","country:us/state:in/zip:47160","47160","0","0","0","0","0","0","0","0","1","0","0","0","0","0","0","1","13","0","1","0","0","1","4","4","0","0","0","0","0","0","1","0","0","0","5","4","2","1","12","0"
"publicpolygonfeature:5:48024","ZIP Code 47161","country:us/state:in/zip:47161","47161","0","24","0","3","0","27","57","0","81","21","0","22","0","0","8","67","343","66","160","172","37","0","67","399","157","30","119","0","143","0","65","24","3","0","329","374","297","168","457","0"
"publicpolygonfeature:5:48026","ZIP Code 47163","country:us/state:in/zip:47163","47163","0","0","0","0","0","12","26","0","4","0","0","0","0","0","0","9","96","0","49","44","23","0","13","165","19","105","0","0","15","0","15","0","12","0","40","248","51","45","139","0"
"publicpolygonfeature:5:48027","ZIP Code 47164","country:us/state:in/zip:47164","47164","0","12","59","3","0","5","0","0","0","20","0","0","35","0","4","104","192","16","228","121","23","0","120","354","39","15","40","0","107","0","8","4","15","0","551","121","104","71","409","0"
"publicpolygonfeature:5:48028","ZIP Code 47165","country:us/state:in/zip:47165","47165","14","0","42","0","14","13","49","17","44","16","12","0","0","0","40","220","628","63","630","214","44","3","130","743","163","67","83","0","136","0","47","35","3","0","741","417","693","291","886","0"
"publicpolygonfeature:5:48029","ZIP Code 47166","country:us/state:in/zip:47166","47166","0","0","0","0","0","0","16","0","0","0","0","0","13","12","9","32","35","0","21","68","62","0","98","209","68","84","33","0","20","0","8","0","13","0","401","123","66","108","21","0"
"publicpolygonfeature:5:48031","ZIP Code 47167","country:us/state:in/zip:47167","47167","15","15","60","8","27","7","142","37","96","129","0","19","38","0","233","612","1659","72","787","318","123","13","263","1078","299","236","433","30","296","72","164","30","31","0","1504","918","1159","672","1890","13"
"publicpolygonfeature:5:48033","ZIP Code 47170","country:us/state:in/zip:47170","47170","0","11","45","18","25","0","9","0","45","76","0","0","35","0","88","336","1668","271","821","319","226","21","278","1106","196","416","248","0","169","1","84","0","10","0","1377","857","1199","475","2086","0"
"publicpolygonfeature:5:48035","ZIP Code 47172","country:us/state:in/zip:47172","47172","0","45","116","84","88","0","462","12","188","367","38","54","10","0","40","612","1442","234","811","515","782","75","610","2082","1074","319","342","14","861","66","497","21","19","0","3818","1227","1994","372","1541","0"
"publicpolygonfeature:5:48037","ZIP Code 47177","country:us/state:in/zip:47177","47177","0","0","0","0","0","0","0","0","11","0","0","0","0","0","21","74","154","0","15","45","30","18","11","173","40","36","7","23","0","0","11","0","0","0","211","138","48","99","128","23"
"publicpolygonfeature:5:48075","ZIP Code 47281","country:us/state:in/zip:47281","47281","0","0","22","0","12","27","0","0","18","0","0","0","0","0","173","18","118","48","183","64","0","7","21","130","56","24","0","0","22","8","19","0","30","0","343","75","144","85","195","0"
"publicpolygonfeature:5:6672668","ZIP Code 40221","country:us/state:ky/zip:40221","40221","0","0","0","0","0","0","0","0","0","0","0","0","0","0","0","0","0","0","0","0","0","0","0","0","0","0","0","0","0","0","0","0","0","0","0","0","0","0","0","0"
"publicpolygonfeature:22:928417","Louisville/Jefferson County, KY-IN Area","country:us/state:ky/msa:louisville_jefferson_county","31140","823","2991","7309","1908","5003","4226","19756","2744","17735","16080","3058","3395","2875","104","3186","35441","85534","13501","66012","53937","31673","7096","47499","135577","49608","19856","27589","2118","53674","5190","22245","2682","4156","60","210837","88446","112101","46245","120021","977"