"feature id","feature label","shid","geoid","Workers in Other Services who Commute by Public Transit (2020-2024)","Workers in Armed Forces who Commute by Public Transit (2020-2024)","Workers in Agriculture, Fishing, and Mining who Commute by Walk (2020-2024)","Workers in Construction who Commute by Walk (2020-2024)","Workers in Manufacturing who Commute by Walk (2020-2024)","Workers in Wholesale Trade who Commute by Walk (2020-2024)","Workers in Retail Trade who Commute by Walk (2020-2024)","Workers in Transportation who Commute by Walk (2020-2024)","Workers in Finance and Insurance who Commute by Walk (2020-2024)","Workers in Information who Commute by Walk (2020-2024)","Workers in Scientific and Professional who Commute by Walk (2020-2024)","Workers in Education and Health Care who Commute by Walk (2020-2024)","Workers in Arts, Food, and Entertainment who Commute by Walk (2020-2024)","Workers in Public Administration who Commute by Walk (2020-2024)","Workers in Armed Forces who Commute by Walk (2020-2024)","Workers in Other Services who Commute by Walk (2020-2024)","Workers in Agriculture, Fishing, and Mining who Commute by Bicycle, Taxi, Ride Hailing Service, Motorcycle, or Other (2020-2024)","Workers in Construction who Commute by Bicycle, Taxi, Ride Hailing Service, Motorcycle, or Other (2020-2024)","Workers in Manufacturing who Commute by Bicycle, Taxi, Ride Hailing Service, Motorcycle, or Other (2020-2024)","Workers in Wholesale Trade who Commute by Bicycle, Taxi, Ride Hailing Service, Motorcycle, or Other (2020-2024)","Workers in Retail Trade who Commute by Bicycle, Taxi, Ride Hailing Service, Motorcycle, or Other (2020-2024)","Workers in Transportation who Commute by Bicycle, Taxi, Ride Hailing Service, Motorcycle, or Other (2020-2024)","Workers in Finance and Insurance who Commute by Bicycle, Taxi, Ride Hailing Service, Motorcycle, or Other (2020-2024)","Workers in Information who Commute by Bicycle, Taxi, Ride Hailing Service, Motorcycle, or Other (2020-2024)","Workers in Education and Health Care who Commute by Bicycle, Taxi, Ride Hailing Service, Motorcycle, or Other (2020-2024)","Workers in Arts, Food, and Entertainment who Commute by Bicycle, Taxi, Ride Hailing Service, Motorcycle, or Other (2020-2024)","Workers in Scientific and Professional who Commute by Bicycle, Taxi, Ride Hailing Service, Motorcycle, or Other (2020-2024)","Workers in Public Administration who Commute by Bicycle, Taxi, Ride Hailing Service, Motorcycle, or Other (2020-2024)","Workers in Other Services who Commute by Bicycle, Taxi, Ride Hailing Service, Motorcycle, or Other (2020-2024)","Workers in Armed Forces who Commute by Bicycle, Taxi, Ride Hailing Service, Motorcycle, or Other (2020-2024)"
"publicpolygonfeature:5:44090","ZIP Code 40117","country:us/state:ky/zip:40117","40117","0","0","0","0","0","0","0","0","0","0","0","0","0","0","0","0","0","0","0","0","0","0","0","0","10","0","0","0","0","0"
"publicpolygonfeature:5:44105","ZIP Code 40118","country:us/state:ky/zip:40118","40118","0","0","0","0","0","0","0","0","0","0","0","0","0","0","0","0","0","20","134","0","40","9","0","0","0","0","68","0","0","0"
"publicpolygonfeature:5:44703","ZIP Code 40026","country:us/state:ky/zip:40026","40026","46","0","15","0","11","0","0","0","0","0","26","0","0","0","19","9","0","0","0","0","11","0","0","0","0","0","0","0","2","0"
"publicpolygonfeature:5:45451","ZIP Code 40041","country:us/state:ky/zip:40041","40041","0","0","0","0","0","0","0","0","0","0","0","0","0","0","0","0","0","0","0","0","0","0","0","0","0","0","0","0","0","0"
"publicpolygonfeature:5:45466","ZIP Code 40202","country:us/state:ky/zip:40202","40202","0","0","0","0","0","0","1","17","70","0","294","130","211","29","0","65","0","0","41","0","0","0","0","0","4","0","10","0","4","0"
"publicpolygonfeature:5:45468","ZIP Code 40203","country:us/state:ky/zip:40203","40203","0","0","0","0","28","0","67","16","0","0","60","124","88","9","0","0","19","34","17","0","43","0","13","42","102","31","5","0","0","0"
"publicpolygonfeature:5:45484","ZIP Code 40204","country:us/state:ky/zip:40204","40204","0","0","0","0","0","0","100","0","0","16","11","82","120","0","0","0","0","13","0","0","5","0","10","0","13","38","20","0","10","0"
"publicpolygonfeature:5:45487","ZIP Code 40205","country:us/state:ky/zip:40205","40205","0","0","0","0","0","0","62","0","33","0","2","104","27","0","0","55","0","0","21","2","19","15","19","10","11","14","24","0","17","0"
"publicpolygonfeature:5:45495","ZIP Code 40206","country:us/state:ky/zip:40206","40206","0","0","0","0","0","40","58","5","13","0","20","118","86","0","0","12","0","0","3","0","5","0","0","4","108","95","44","10","6","0"
"publicpolygonfeature:5:45500","ZIP Code 40207","country:us/state:ky/zip:40207","40207","0","0","0","0","0","0","11","20","0","2","2","49","0","0","0","6","0","0","0","0","43","2","0","0","29","38","1","0","6","0"
"publicpolygonfeature:5:45508","ZIP Code 40208","country:us/state:ky/zip:40208","40208","12","0","0","0","21","0","96","82","13","0","92","586","144","0","21","17","0","17","59","15","10","7","20","24","252","6","27","0","0","0"
"publicpolygonfeature:5:45512","ZIP Code 40209","country:us/state:ky/zip:40209","40209","0","0","0","0","0","0","0","0","0","0","0","0","0","0","0","0","0","0","0","0","0","0","0","0","0","0","0","0","0","0"
"publicpolygonfeature:5:45514","ZIP Code 40210","country:us/state:ky/zip:40210","40210","0","0","0","0","0","7","67","0","0","0","0","12","16","0","0","0","0","36","64","0","41","9","0","0","35","82","0","0","22","0"
"publicpolygonfeature:5:45516","ZIP Code 40052","country:us/state:ky/zip:40052","40052","0","0","0","0","10","0","0","0","0","25","0","0","0","0","0","34","0","0","0","0","0","0","0","0","0","0","0","0","0","0"
"publicpolygonfeature:5:45527","ZIP Code 40211","country:us/state:ky/zip:40211","40211","55","0","0","0","45","0","16","0","49","0","3","0","13","15","0","0","0","0","2","0","19","159","0","0","178","101","0","45","49","0"
"publicpolygonfeature:5:45530","ZIP Code 40212","country:us/state:ky/zip:40212","40212","18","48","0","0","10","0","13","0","0","0","29","0","11","0","0","16","0","0","41","0","0","0","4","0","12","44","0","0","0","0"
"publicpolygonfeature:5:45535","ZIP Code 40055","country:us/state:ky/zip:40055","40055","0","0","0","0","0","0","0","0","0","0","0","0","0","0","0","0","0","0","0","0","0","0","0","0","0","0","0","0","0","0"
"publicpolygonfeature:5:45542","ZIP Code 40056","country:us/state:ky/zip:40056","40056","0","0","0","0","14","0","0","0","0","0","0","4","5","0","0","14","0","0","0","0","0","4","0","0","0","0","0","0","0","0"
"publicpolygonfeature:5:45544","ZIP Code 40067","country:us/state:ky/zip:40067","40067","0","0","10","0","0","0","67","0","0","0","10","23","0","0","0","5","0","19","11","0","0","0","0","0","0","0","0","0","3","0"
"publicpolygonfeature:5:45551","ZIP Code 40218","country:us/state:ky/zip:40218","40218","0","0","0","0","30","0","65","0","0","0","0","56","15","0","0","0","0","8","43","0","45","6","0","0","27","16","0","0","0","0"
"publicpolygonfeature:5:45667","ZIP Code 40003","country:us/state:ky/zip:40003","40003","0","0","0","0","0","0","0","0","0","0","0","0","0","0","0","0","0","0","0","0","0","0","0","0","0","0","0","0","0","0"
"publicpolygonfeature:5:45669","ZIP Code 40007","country:us/state:ky/zip:40007","40007","0","0","0","0","0","0","0","0","0","0","0","0","0","0","0","0","0","0","0","0","0","0","0","0","0","0","0","0","0","0"
"publicpolygonfeature:5:45670","ZIP Code 40004","country:us/state:ky/zip:40004","40004","0","0","0","0","0","0","42","0","0","10","10","0","11","0","0","31","0","0","0","0","89","124","0","0","82","50","0","0","0","0"
"publicpolygonfeature:5:45671","ZIP Code 40010","country:us/state:ky/zip:40010","40010","0","0","0","0","0","0","0","0","0","0","0","0","0","0","0","0","0","0","0","0","0","0","0","0","0","0","0","0","0","0"
"publicpolygonfeature:5:45672","ZIP Code 40008","country:us/state:ky/zip:40008","40008","8","0","0","9","1","0","4","0","0","0","0","27","0","0","0","0","0","0","0","0","0","0","0","0","0","0","19","0","0","0"
"publicpolygonfeature:5:45674","ZIP Code 40011","country:us/state:ky/zip:40011","40011","0","0","0","0","0","0","21","0","0","0","0","5","0","2","0","0","0","0","0","0","6","0","0","0","0","0","0","0","0","0"
"publicpolygonfeature:5:45675","ZIP Code 40012","country:us/state:ky/zip:40012","40012","0","0","0","0","0","0","0","0","0","0","0","0","0","0","0","0","0","0","0","0","0","0","0","0","0","0","0","0","0","0"
"publicpolygonfeature:5:45676","ZIP Code 40022","country:us/state:ky/zip:40022","40022","0","0","0","0","0","0","0","0","0","0","0","0","0","0","0","0","0","0","0","0","0","0","0","0","0","0","0","0","0","0"
"publicpolygonfeature:5:45677","ZIP Code 40013","country:us/state:ky/zip:40013","40013","0","0","0","0","0","0","0","0","0","0","0","0","0","0","0","0","0","0","0","0","0","5","0","0","0","0","0","0","0","0"
"publicpolygonfeature:5:45678","ZIP Code 40023","country:us/state:ky/zip:40023","40023","0","0","0","0","0","0","0","0","0","0","0","0","0","0","0","0","0","0","0","5","0","0","0","0","0","0","0","0","0","0"
"publicpolygonfeature:5:45679","ZIP Code 40025","country:us/state:ky/zip:40025","40025","0","0","0","0","0","0","0","0","0","0","0","0","0","0","0","0","0","0","0","0","0","0","0","0","0","0","0","0","0","0"
"publicpolygonfeature:5:45680","ZIP Code 40014","country:us/state:ky/zip:40014","40014","0","0","25","0","15","0","0","0","0","0","4","0","16","0","0","0","0","13","25","0","0","0","10","0","0","22","5","0","6","0"
"publicpolygonfeature:5:45681","ZIP Code 40019","country:us/state:ky/zip:40019","40019","0","0","0","0","0","0","13","0","0","0","0","0","0","0","0","0","0","0","11","0","0","0","0","0","0","0","9","0","0","0"
"publicpolygonfeature:5:45682","ZIP Code 40020","country:us/state:ky/zip:40020","40020","0","0","0","0","0","0","0","0","0","0","0","0","0","0","0","0","0","0","0","0","0","0","0","0","0","0","0","0","0","0"
"publicpolygonfeature:5:45683","ZIP Code 40031","country:us/state:ky/zip:40031","40031","0","0","0","0","0","0","10","0","0","0","0","0","0","0","0","0","0","3","0","0","0","9","0","0","0","12","0","0","0","0"
"publicpolygonfeature:5:45684","ZIP Code 40036","country:us/state:ky/zip:40036","40036","0","0","0","0","0","0","0","0","0","0","0","0","0","0","0","0","0","0","0","0","0","0","0","0","0","0","0","0","0","0"
"publicpolygonfeature:5:45686","ZIP Code 40228","country:us/state:ky/zip:40228","40228","0","0","0","0","6","0","0","0","0","0","20","21","0","0","0","0","0","0","12","0","0","20","0","0","0","10","0","4","0","0"
"publicpolygonfeature:5:45687","ZIP Code 40046","country:us/state:ky/zip:40046","40046","0","0","0","0","0","0","0","0","0","0","0","0","0","0","0","0","0","0","0","0","0","0","0","0","0","0","0","0","0","0"
"publicpolygonfeature:5:45688","ZIP Code 40047","country:us/state:ky/zip:40047","40047","0","0","0","0","0","0","0","0","0","0","0","7","10","0","0","0","0","0","13","0","0","0","22","0","5","0","0","5","0","0"
"publicpolygonfeature:5:45691","ZIP Code 40050","country:us/state:ky/zip:40050","40050","0","0","2","0","0","0","0","0","0","0","0","0","2","0","0","0","0","0","0","0","0","0","0","0","0","0","0","0","0","0"
"publicpolygonfeature:5:45692","ZIP Code 40051","country:us/state:ky/zip:40051","40051","0","0","0","0","0","0","19","0","10","0","0","8","0","0","0","0","0","0","0","0","0","2","0","0","0","0","0","0","0","0"
"publicpolygonfeature:5:45693","ZIP Code 40057","country:us/state:ky/zip:40057","40057","0","0","0","0","0","0","0","0","0","0","0","0","0","0","0","0","0","0","0","0","0","0","0","0","12","0","0","0","0","0"
"publicpolygonfeature:5:45694","ZIP Code 40058","country:us/state:ky/zip:40058","40058","0","0","0","0","0","0","0","0","0","0","0","0","0","0","0","0","0","0","0","0","0","0","0","0","0","0","0","0","0","0"
"publicpolygonfeature:5:45695","ZIP Code 40059","country:us/state:ky/zip:40059","40059","0","0","0","0","0","0","0","0","18","0","38","0","24","0","0","0","0","0","41","0","14","35","9","0","54","0","0","0","0","0"
"publicpolygonfeature:5:45699","ZIP Code 40068","country:us/state:ky/zip:40068","40068","0","0","0","0","0","0","0","0","0","0","0","0","0","0","0","0","0","0","19","0","0","0","10","0","13","0","0","13","0","0"
"publicpolygonfeature:5:45700","ZIP Code 40065","country:us/state:ky/zip:40065","40065","0","0","0","0","0","0","44","0","0","0","0","0","0","0","0","0","0","0","12","0","21","0","0","0","62","0","0","0","0","0"
"publicpolygonfeature:5:45702","ZIP Code 40070","country:us/state:ky/zip:40070","40070","0","0","0","0","0","0","0","0","0","0","0","0","0","0","0","0","0","0","0","0","0","0","0","0","0","0","0","0","0","0"
"publicpolygonfeature:5:45703","ZIP Code 40071","country:us/state:ky/zip:40071","40071","0","0","0","7","24","0","10","0","0","0","0","0","18","0","0","16","0","0","19","0","0","0","0","0","39","33","0","0","0","0"
"publicpolygonfeature:5:45704","ZIP Code 40075","country:us/state:ky/zip:40075","40075","0","0","0","0","0","0","0","0","0","0","0","0","0","0","0","0","0","0","6","0","0","14","0","0","0","0","0","0","0","0"
"publicpolygonfeature:5:45705","ZIP Code 40076","country:us/state:ky/zip:40076","40076","0","0","0","0","0","0","0","0","0","0","0","0","0","0","0","0","0","0","0","0","0","0","0","0","0","0","21","0","0","0"
"publicpolygonfeature:5:45706","ZIP Code 40077","country:us/state:ky/zip:40077","40077","0","0","5","0","0","0","0","0","0","0","0","0","0","0","0","0","0","0","0","0","0","0","0","0","0","0","0","0","0","0"
"publicpolygonfeature:5:45707","ZIP Code 40108","country:us/state:ky/zip:40108","40108","0","0","0","0","0","0","7","0","14","0","0","0","55","0","0","11","0","0","13","0","0","55","0","0","0","18","0","0","0","0"
"publicpolygonfeature:5:45709","ZIP Code 40104","country:us/state:ky/zip:40104","40104","0","0","0","0","0","0","0","0","0","0","0","0","0","0","0","0","0","0","0","0","0","0","0","0","0","0","0","0","0","0"
"publicpolygonfeature:5:45710","ZIP Code 40107","country:us/state:ky/zip:40107","40107","0","0","0","0","0","0","0","9","0","0","0","0","0","0","0","0","0","29","0","0","0","0","0","0","0","0","0","26","0","0"
"publicpolygonfeature:5:45711","ZIP Code 40109","country:us/state:ky/zip:40109","40109","0","0","0","0","22","0","0","0","0","0","0","0","0","0","0","11","0","0","0","0","0","0","0","9","0","0","0","0","0","0"
"publicpolygonfeature:5:45712","ZIP Code 40110","country:us/state:ky/zip:40110","40110","0","0","0","0","0","0","0","0","0","0","0","0","0","0","0","0","0","0","0","0","0","0","0","0","0","0","0","0","0","0"
"publicpolygonfeature:5:45714","ZIP Code 40121","country:us/state:ky/zip:40121","40121","0","0","0","0","0","0","0","0","0","0","0","0","7","0","939","0","0","0","0","0","0","0","0","0","0","36","0","0","0","0"
"publicpolygonfeature:5:45716","ZIP Code 40142","country:us/state:ky/zip:40142","40142","0","0","0","0","21","0","0","0","0","0","0","0","0","0","0","0","0","0","0","0","0","0","0","0","0","0","0","0","0","0"
"publicpolygonfeature:5:45719","ZIP Code 40161","country:us/state:ky/zip:40161","40161","0","0","0","0","0","0","0","0","0","0","0","0","0","0","0","0","0","0","0","0","0","0","0","0","0","0","0","0","0","0"
"publicpolygonfeature:5:45723","ZIP Code 40150","country:us/state:ky/zip:40150","40150","0","0","0","0","12","3","4","0","0","0","0","0","0","0","0","0","0","13","0","0","0","6","0","0","0","0","0","0","0","0"
"publicpolygonfeature:5:45725","ZIP Code 40155","country:us/state:ky/zip:40155","40155","0","0","0","0","0","0","0","0","0","0","0","0","7","0","0","0","0","0","0","0","0","0","0","0","22","0","16","0","0","0"
"publicpolygonfeature:5:45726","ZIP Code 40157","country:us/state:ky/zip:40157","40157","0","0","0","0","0","0","0","0","0","0","0","0","0","0","0","0","0","0","0","0","0","0","0","0","0","0","0","0","0","0"
"publicpolygonfeature:5:45731","ZIP Code 40165","country:us/state:ky/zip:40165","40165","0","0","0","0","11","13","103","24","10","0","4","35","24","0","0","0","0","0","4","0","8","2","81","0","7","0","0","0","1","0"
"publicpolygonfeature:5:45732","ZIP Code 40175","country:us/state:ky/zip:40175","40175","0","0","51","0","0","0","0","0","0","0","0","0","0","0","0","0","0","0","0","0","0","0","0","0","0","17","0","0","0","0"
"publicpolygonfeature:5:45733","ZIP Code 40176","country:us/state:ky/zip:40176","40176","0","0","0","0","0","0","0","45","0","0","0","0","0","0","0","0","0","0","0","0","0","0","0","0","0","0","0","0","0","0"
"publicpolygonfeature:5:45734","ZIP Code 40177","country:us/state:ky/zip:40177","40177","0","0","0","0","0","0","0","0","0","0","0","0","0","0","0","0","0","0","0","0","0","0","0","0","0","0","10","0","0","0"
"publicpolygonfeature:5:45735","ZIP Code 40213","country:us/state:ky/zip:40213","40213","0","0","0","0","2","0","31","0","14","0","5","2","5","0","0","0","0","21","7","0","11","33","0","0","8","21","0","0","4","0"
"publicpolygonfeature:5:45736","ZIP Code 40214","country:us/state:ky/zip:40214","40214","0","0","0","0","0","0","192","136","30","0","0","10","95","0","0","10","0","108","96","0","103","30","8","0","111","52","27","0","1","0"
"publicpolygonfeature:5:45737","ZIP Code 40215","country:us/state:ky/zip:40215","40215","0","0","0","0","0","0","63","17","0","0","3","14","13","10","0","0","0","70","73","26","87","64","33","0","77","28","77","0","50","0"
"publicpolygonfeature:5:45738","ZIP Code 40216","country:us/state:ky/zip:40216","40216","0","0","0","0","14","0","0","0","0","0","0","11","0","0","0","0","0","0","55","0","13","34","0","0","209","39","4","0","0","0"
"publicpolygonfeature:5:45739","ZIP Code 40217","country:us/state:ky/zip:40217","40217","4","0","0","20","15","0","0","18","14","0","23","40","53","0","0","0","0","0","19","0","0","0","22","0","20","32","13","25","0","0"
"publicpolygonfeature:5:45740","ZIP Code 40219","country:us/state:ky/zip:40219","40219","0","0","0","0","0","0","92","0","0","0","246","15","44","0","0","0","0","0","14","0","28","9","0","0","0","0","20","0","0","0"
"publicpolygonfeature:5:45741","ZIP Code 40220","country:us/state:ky/zip:40220","40220","0","0","0","0","0","0","85","0","10","0","0","0","11","0","0","75","0","15","18","0","21","24","5","0","23","58","3","27","0","0"
"publicpolygonfeature:5:45742","ZIP Code 40222","country:us/state:ky/zip:40222","40222","0","0","0","0","0","0","24","8","0","0","21","8","20","0","0","1","0","0","2","4","19","10","33","0","16","83","2","0","5","0"
"publicpolygonfeature:5:45743","ZIP Code 40223","country:us/state:ky/zip:40223","40223","0","0","0","0","0","0","11","0","10","0","0","95","68","0","0","0","0","0","17","0","0","0","34","0","0","0","108","0","7","0"
"publicpolygonfeature:5:45744","ZIP Code 40229","country:us/state:ky/zip:40229","40229","0","0","0","0","0","0","40","17","111","0","0","3","0","0","0","0","0","0","32","0","2","195","7","0","31","8","0","17","13","0"
"publicpolygonfeature:5:45745","ZIP Code 40231","country:us/state:ky/zip:40231","40231","0","0","0","0","0","0","0","0","0","0","0","0","0","0","0","0","0","0","0","0","0","0","0","0","0","0","0","0","0","0"
"publicpolygonfeature:5:45746","ZIP Code 40241","country:us/state:ky/zip:40241","40241","16","0","0","0","9","9","70","0","4","0","21","10","38","2","0","0","0","16","0","0","40","32","3","3","52","12","33","69","0","0"
"publicpolygonfeature:5:45747","ZIP Code 40242","country:us/state:ky/zip:40242","40242","0","0","0","0","2","0","4","0","2","0","1","2","21","0","0","0","0","8","2","1","14","0","0","0","7","2","9","0","0","0"
"publicpolygonfeature:5:45748","ZIP Code 40243","country:us/state:ky/zip:40243","40243","0","0","0","2","6","0","0","0","3","0","0","0","24","0","2","0","0","9","0","0","27","13","71","0","16","0","0","0","0","8"
"publicpolygonfeature:5:45749","ZIP Code 40245","country:us/state:ky/zip:40245","40245","0","0","0","11","0","0","11","14","4","0","0","0","35","0","0","24","0","28","0","21","40","1","19","0","0","0","10","0","13","0"
"publicpolygonfeature:5:45750","ZIP Code 40258","country:us/state:ky/zip:40258","40258","0","0","0","0","0","0","0","0","0","0","0","0","0","0","0","0","0","0","17","87","122","0","7","0","1","0","6","15","14","0"
"publicpolygonfeature:5:45751","ZIP Code 40272","country:us/state:ky/zip:40272","40272","0","0","0","0","79","0","92","60","42","0","13","0","122","0","0","0","0","8","20","13","4","45","44","0","31","0","0","0","0","0"
"publicpolygonfeature:5:45752","ZIP Code 40280","country:us/state:ky/zip:40280","40280","0","0","0","0","0","0","1","0","0","0","7","1","13","0","0","6","0","0","0","0","0","0","0","0","0","0","0","0","0","0"
"publicpolygonfeature:5:45754","ZIP Code 40291","country:us/state:ky/zip:40291","40291","0","0","0","24","0","0","4","0","15","0","26","27","17","0","0","0","0","0","9","10","0","0","9","7","11","21","0","0","49","0"
"publicpolygonfeature:5:45755","ZIP Code 40299","country:us/state:ky/zip:40299","40299","0","0","0","0","9","0","36","14","18","0","0","8","0","0","0","0","0","9","28","0","18","0","0","0","18","72","38","0","0","0"
"publicpolygonfeature:5:47979","ZIP Code 47104","country:us/state:in/zip:47104","47104","0","0","0","0","0","0","0","0","0","0","0","0","0","0","0","0","0","0","0","0","0","0","0","0","0","0","0","0","0","0"
"publicpolygonfeature:5:47982","ZIP Code 47114","country:us/state:in/zip:47114","47114","0","0","0","0","0","0","0","0","0","0","29","0","0","0","0","0","0","0","0","0","0","0","0","0","0","0","0","0","0","0"
"publicpolygonfeature:5:47986","ZIP Code 47120","country:us/state:in/zip:47120","47120","0","0","0","0","0","0","0","0","0","0","0","0","0","0","0","0","0","0","0","0","45","0","0","0","0","0","0","0","0","0"
"publicpolygonfeature:5:47988","ZIP Code 47106","country:us/state:in/zip:47106","47106","0","0","0","0","0","0","0","0","0","0","15","16","0","0","0","0","0","0","0","0","0","0","4","0","0","0","0","0","0","0"
"publicpolygonfeature:5:47989","ZIP Code 47108","country:us/state:in/zip:47108","47108","0","0","5","0","8","0","0","2","0","0","0","0","2","0","0","2","0","0","13","0","0","4","0","0","0","4","13","0","0","0"
"publicpolygonfeature:5:47990","ZIP Code 47110","country:us/state:in/zip:47110","47110","0","0","0","0","0","0","0","0","0","0","0","0","0","0","0","0","0","0","0","0","0","0","0","0","0","0","0","0","0","0"
"publicpolygonfeature:5:47992","ZIP Code 47111","country:us/state:in/zip:47111","47111","0","0","0","0","0","0","13","0","0","0","0","64","0","16","0","0","0","0","5","0","0","0","0","24","11","25","0","25","0","0"
"publicpolygonfeature:5:47993","ZIP Code 47112","country:us/state:in/zip:47112","47112","0","0","0","0","0","0","2","0","0","20","15","0","3","0","0","41","0","3","0","0","0","0","0","0","14","0","0","0","0","0"
"publicpolygonfeature:5:47994","ZIP Code 47115","country:us/state:in/zip:47115","47115","0","0","0","0","0","0","0","0","0","0","0","0","0","0","0","0","0","0","0","0","0","0","0","0","0","0","0","0","0","0"
"publicpolygonfeature:5:47996","ZIP Code 47122","country:us/state:in/zip:47122","47122","0","0","0","0","0","0","0","0","0","0","0","0","0","7","0","0","0","0","0","0","0","14","0","0","0","0","0","10","0","0"
"publicpolygonfeature:5:47998","ZIP Code 47117","country:us/state:in/zip:47117","47117","0","0","0","0","0","0","0","0","0","0","0","0","0","0","0","0","0","0","0","0","0","0","0","0","0","0","0","0","0","0"
"publicpolygonfeature:5:47999","ZIP Code 47124","country:us/state:in/zip:47124","47124","0","0","0","0","0","0","0","0","0","0","0","1","0","0","0","0","0","0","0","0","0","0","0","0","0","0","5","1","0","0"
"publicpolygonfeature:5:48000","ZIP Code 47125","country:us/state:in/zip:47125","47125","0","0","0","0","0","6","3","8","0","0","8","0","0","0","0","2","0","0","0","0","0","0","0","0","0","0","0","0","0","0"
"publicpolygonfeature:5:48003","ZIP Code 47119","country:us/state:in/zip:47119","47119","0","0","0","0","0","0","0","0","0","0","0","1","0","0","0","0","0","0","0","0","0","7","16","0","0","0","0","14","0","0"
"publicpolygonfeature:5:48005","ZIP Code 47126","country:us/state:in/zip:47126","47126","0","0","0","0","0","0","0","0","0","0","0","0","0","0","0","0","0","0","0","0","0","0","0","0","0","0","0","0","0","0"
"publicpolygonfeature:5:48006","ZIP Code 47129","country:us/state:in/zip:47129","47129","0","0","0","5","0","0","48","0","0","0","0","21","72","0","0","5","0","22","8","0","63","0","0","0","0","32","69","14","2","0"
"publicpolygonfeature:5:48007","ZIP Code 47130","country:us/state:in/zip:47130","47130","0","0","0","0","0","0","16","0","0","0","80","52","194","0","0","54","0","17","47","60","142","130","6","0","96","24","16","0","0","0"
"publicpolygonfeature:5:48008","ZIP Code 47142","country:us/state:in/zip:47142","47142","0","0","0","0","0","0","0","0","0","0","0","0","0","0","0","0","0","0","0","0","0","0","0","0","0","0","0","0","0","0"
"publicpolygonfeature:5:48009","ZIP Code 47135","country:us/state:in/zip:47135","47135","0","0","0","0","0","0","8","0","0","0","0","1","0","0","0","0","0","0","0","0","0","0","0","0","0","0","0","0","0","0"
"publicpolygonfeature:5:48010","ZIP Code 47136","country:us/state:in/zip:47136","47136","0","0","0","0","0","0","0","0","0","0","0","0","0","0","0","0","0","0","0","0","0","0","0","0","9","0","0","0","0","0"
"publicpolygonfeature:5:48015","ZIP Code 47141","country:us/state:in/zip:47141","47141","0","0","0","0","0","0","0","0","0","0","0","0","0","0","0","0","0","0","0","0","0","0","0","0","0","0","0","0","0","0"
"publicpolygonfeature:5:48018","ZIP Code 47143","country:us/state:in/zip:47143","47143","0","0","0","0","0","0","0","0","0","0","0","0","0","0","0","0","0","0","0","0","0","0","0","0","0","0","0","0","0","0"
"publicpolygonfeature:5:48020","ZIP Code 47162","country:us/state:in/zip:47162","47162","0","0","0","0","0","0","0","0","0","0","0","0","0","0","0","0","0","0","0","0","0","0","0","0","0","0","0","0","0","0"
"publicpolygonfeature:5:48021","ZIP Code 47147","country:us/state:in/zip:47147","47147","0","0","0","0","0","0","0","0","0","0","0","0","0","0","0","0","0","0","0","0","0","0","0","0","0","0","0","0","0","0"
"publicpolygonfeature:5:48022","ZIP Code 47150","country:us/state:in/zip:47150","47150","0","0","0","12","0","37","13","0","8","0","5","63","105","0","0","1","0","10","52","0","33","39","0","0","25","11","21","11","0","0"
"publicpolygonfeature:5:48023","ZIP Code 47160","country:us/state:in/zip:47160","47160","0","0","0","0","0","0","0","0","0","0","0","0","0","0","0","0","0","0","0","0","0","0","0","0","0","0","0","0","0","0"
"publicpolygonfeature:5:48024","ZIP Code 47161","country:us/state:in/zip:47161","47161","0","0","0","0","0","0","0","0","0","0","0","38","0","0","0","0","0","0","2","0","0","0","0","0","0","0","0","0","0","0"
"publicpolygonfeature:5:48026","ZIP Code 47163","country:us/state:in/zip:47163","47163","0","0","0","0","0","0","0","0","0","0","0","0","0","0","0","0","0","0","0","0","0","0","0","0","0","0","0","0","0","0"
"publicpolygonfeature:5:48027","ZIP Code 47164","country:us/state:in/zip:47164","47164","0","0","0","0","0","0","4","18","16","0","0","0","0","0","0","14","0","0","4","0","0","0","0","0","0","0","0","0","0","0"
"publicpolygonfeature:5:48028","ZIP Code 47165","country:us/state:in/zip:47165","47165","0","0","0","0","0","0","0","0","0","0","0","0","0","0","0","18","0","7","0","8","3","0","0","0","0","0","6","0","3","0"
"publicpolygonfeature:5:48029","ZIP Code 47166","country:us/state:in/zip:47166","47166","0","0","0","0","0","0","0","0","0","0","0","0","0","0","0","0","0","0","0","0","0","0","0","0","0","0","0","0","0","0"
"publicpolygonfeature:5:48031","ZIP Code 47167","country:us/state:in/zip:47167","47167","0","0","0","18","7","0","0","0","0","0","0","0","11","0","0","0","0","0","0","0","21","8","0","0","1","0","10","0","0","0"
"publicpolygonfeature:5:48033","ZIP Code 47170","country:us/state:in/zip:47170","47170","0","0","0","0","14","0","26","0","0","0","0","75","0","13","0","6","9","0","0","0","40","7","36","0","0","10","0","0","0","0"
"publicpolygonfeature:5:48035","ZIP Code 47172","country:us/state:in/zip:47172","47172","0","0","0","0","17","0","0","0","0","0","16","50","0","0","0","0","0","0","0","0","0","24","0","0","31","0","0","0","0","0"
"publicpolygonfeature:5:48037","ZIP Code 47177","country:us/state:in/zip:47177","47177","0","0","0","0","7","0","0","0","0","0","0","0","0","0","0","7","0","0","0","0","0","0","0","0","0","0","0","0","0","0"
"publicpolygonfeature:5:48075","ZIP Code 47281","country:us/state:in/zip:47281","47281","0","0","0","0","11","0","0","0","0","0","0","11","0","0","0","0","0","0","0","0","0","0","0","0","0","0","0","0","0","0"
"publicpolygonfeature:5:6672668","ZIP Code 40221","country:us/state:ky/zip:40221","40221","0","0","0","0","0","0","0","0","0","0","0","0","0","0","0","0","0","0","0","0","0","0","0","0","0","0","0","0","0","0"
"publicpolygonfeature:22:928417","Louisville/Jefferson County, KY-IN Area","country:us/state:ky/msa:louisville_jefferson_county","31140","159","48","113","108","449","115","1763","485","531","73","1151","1947","1869","90","42","561","19","556","1151","252","1275","1199","519","123","1895","1151","759","331","287","8"