"feature id","feature label","shid","geoid","Female Employed in Management Occupation (2020-2024)","Female Employed in Business and Finance Occupation (2020-2024)","Female Employed in Computer and Mathematical Occupation (2020-2024)","Female Employed in Architecture and Engineering Occupation (2020-2024)","Female Employed in Life, Physical, and Social Science Occupation (2020-2024)","Female Employed in Community and Social Service Occupation (2020-2024)","Female Employed in Legal Occupation (2020-2024)","Female Employed in Education, Training and Library Occupation (2020-2024)","Female Employed in Arts, Design, Entertainment, Sports and Media Occupation (2020-2024)","Female Employed in Health Diagnosis and Treating Practitioners Occupation (2020-2024)","Female Employed in Health Technologist and Technicians Occupation (2020-2024)","Female Employed in Healthcare Support Occupation (2020-2024)","Female Employed in Fire Fighting and Prevention Occupation (2020-2024)","Female Employed in Law Enforcement Occupation (2020-2024)","Female Employed in Food Preparation and Serving Occupation (2020-2024)","Female Employed in Building, Grounds Cleaning, and Maintenance Occupation (2020-2024)","Female Employed in Personal Care and Service Occupation (2020-2024)","Female Employed in Sales Occupation (2020-2024)","Female Employed in Office and Administrative Support Occupation (2020-2024)","Female Employed in Farming, Fishing and Forestry Occupation (2020-2024)","Female Employed in Construction and Extraction Occupation (2020-2024)","Female Employed in Installation, Maintenance, and Repair Occupation (2020-2024)","Female Employed in Production Occupation (2020-2024)","Female Employed in Transportation Occupation (2020-2024)","Female Employed in Material Moving Occupation (2020-2024)"
"publicpolygonfeature:5:61229","ZIP Code 94133","country:us/state:ca/zip:94133","94133","1056","881","326","180","134","86","291","388","212","313","23","505","34","0","290","136","146","621","938","0","6","0","125","113","48"
"publicpolygonfeature:5:61462","ZIP Code 94134","country:us/state:ca/zip:94134","94134","614","594","155","52","244","84","82","559","259","503","243","652","43","76","349","713","614","817","1493","15","33","22","155","134","178"
"publicpolygonfeature:5:63101","ZIP Code 94158","country:us/state:ca/zip:94158","94158","540","651","264","19","463","30","82","491","168","399","57","69","0","0","72","26","0","110","141","0","0","0","98","0","17"
"publicpolygonfeature:5:63105","ZIP Code 94555","country:us/state:ca/zip:94555","94555","1304","722","1458","284","418","142","22","586","113","443","130","298","44","21","276","71","235","402","781","0","0","32","146","0","112"
"publicpolygonfeature:5:63344","ZIP Code 94596","country:us/state:ca/zip:94596","94596","1090","747","191","153","188","219","196","390","265","767","3","238","27","53","184","24","243","664","720","62","0","0","76","93","16"
"publicpolygonfeature:5:63365","ZIP Code 94063","country:us/state:ca/zip:94063","94063","708","260","327","104","368","63","126","569","209","374","290","588","73","0","395","936","231","533","1018","67","0","3","277","177","201"
"publicpolygonfeature:5:63377","ZIP Code 94065","country:us/state:ca/zip:94065","94065","514","306","358","40","166","61","34","251","55","235","33","62","0","19","75","0","136","130","235","0","0","0","71","6","0"
"publicpolygonfeature:5:63384","ZIP Code 94707","country:us/state:ca/zip:94707","94707","422","259","137","75","197","56","175","609","156","285","21","80","6","0","12","16","42","141","226","0","0","0","117","0","0"
"publicpolygonfeature:5:63393","ZIP Code 94066","country:us/state:ca/zip:94066","94066","1252","1218","391","71","368","199","228","746","269","747","273","635","9","23","359","529","453","953","1974","50","4","29","248","177","188"
"publicpolygonfeature:5:63398","ZIP Code 94111","country:us/state:ca/zip:94111","94111","93","96","95","0","21","0","61","22","33","20","15","96","5","0","36","0","15","186","233","0","0","0","52","0","0"
"publicpolygonfeature:5:63405","ZIP Code 94112","country:us/state:ca/zip:94112","94112","2020","1623","811","67","377","389","213","1381","476","791","578","1716","148","16","1082","1183","1197","1423","2659","69","11","15","606","104","298"
"publicpolygonfeature:5:63439","ZIP Code 94021","country:us/state:ca/zip:94021","94021","41","13","12","0","0","0","0","15","0","0","0","0","0","0","0","0","0","0","0","0","0","0","0","0","0"
"publicpolygonfeature:5:63449","ZIP Code 94027","country:us/state:ca/zip:94027","94027","344","113","50","11","13","28","14","65","105","70","12","17","0","0","22","14","55","92","131","8","0","0","0","1","0"
"publicpolygonfeature:5:63453","ZIP Code 94114","country:us/state:ca/zip:94114","94114","1860","1342","836","368","468","145","420","744","520","762","94","161","57","0","94","67","158","541","381","0","0","0","33","57","56"
"publicpolygonfeature:5:63455","ZIP Code 94115","country:us/state:ca/zip:94115","94115","2069","1333","663","211","277","159","366","682","617","763","101","256","113","22","186","90","305","785","923","0","0","0","23","38","70"
"publicpolygonfeature:5:63458","ZIP Code 94116","country:us/state:ca/zip:94116","94116","1319","1135","485","221","375","130","185","929","614","1139","221","691","30","36","434","238","206","996","1368","7","0","0","205","14","129"
"publicpolygonfeature:5:63490","ZIP Code 94014","country:us/state:ca/zip:94014","94014","1081","867","105","117","25","153","77","435","296","1003","452","1002","85","13","755","730","542","787","1804","77","0","4","501","120","324"
"publicpolygonfeature:5:63510","ZIP Code 94015","country:us/state:ca/zip:94015","94015","1495","1407","387","330","292","354","171","998","349","1318","472","1572","130","0","1024","456","412","1677","3316","0","0","19","220","232","572"
"publicpolygonfeature:5:63515","ZIP Code 94117","country:us/state:ca/zip:94117","94117","2194","1593","907","374","281","154","260","966","608","1269","46","77","33","10","333","79","225","641","1005","0","0","0","17","46","9"
"publicpolygonfeature:5:63528","ZIP Code 94118","country:us/state:ca/zip:94118","94118","1771","1305","656","201","352","404","363","1093","618","763","295","247","68","0","416","204","384","875","1196","0","0","0","142","23","59"
"publicpolygonfeature:5:63543","ZIP Code 94002","country:us/state:ca/zip:94002","94002","1192","717","487","145","405","79","86","622","627","623","57","80","18","0","240","29","343","380","394","0","0","15","63","93","18"
"publicpolygonfeature:5:63544","ZIP Code 94005","country:us/state:ca/zip:94005","94005","197","116","92","0","57","0","14","51","24","95","0","109","15","0","95","0","41","20","157","0","0","0","13","0","0"
"publicpolygonfeature:5:63545","ZIP Code 94010","country:us/state:ca/zip:94010","94010","1945","1373","449","121","407","162","396","678","211","739","134","226","9","17","350","135","210","717","812","0","39","0","114","204","50"
"publicpolygonfeature:5:63546","ZIP Code 94019","country:us/state:ca/zip:94019","94019","691","138","48","17","15","18","127","357","188","153","27","236","26","9","237","185","218","297","437","17","8","0","21","0","28"
"publicpolygonfeature:5:63547","ZIP Code 94020","country:us/state:ca/zip:94020","94020","166","9","153","0","56","14","0","61","12","46","0","7","0","0","0","0","14","10","36","0","0","0","0","0","0"
"publicpolygonfeature:5:63550","ZIP Code 94025","country:us/state:ca/zip:94025","94025","1697","786","565","179","833","207","280","1076","417","890","134","176","11","8","166","212","484","613","547","0","0","0","47","13","60"
"publicpolygonfeature:5:63551","ZIP Code 94028","country:us/state:ca/zip:94028","94028","255","124","17","21","26","0","54","82","92","90","25","16","0","0","0","50","37","46","51","27","0","0","0","0","0"
"publicpolygonfeature:5:63552","ZIP Code 94030","country:us/state:ca/zip:94030","94030","773","699","303","80","208","116","56","353","87","459","172","252","10","0","180","150","121","304","793","0","0","0","79","317","62"
"publicpolygonfeature:5:63553","ZIP Code 94037","country:us/state:ca/zip:94037","94037","40","159","0","33","28","70","0","95","0","18","0","0","0","0","17","0","22","22","28","56","0","19","0","63","0"
"publicpolygonfeature:5:63554","ZIP Code 94038","country:us/state:ca/zip:94038","94038","42","0","45","21","0","0","0","157","17","32","12","12","0","0","65","0","107","57","22","0","0","0","0","0","0"
"publicpolygonfeature:5:63557","ZIP Code 94044","country:us/state:ca/zip:94044","94044","1349","625","212","300","323","329","348","1054","297","664","312","433","0","3","451","128","606","404","1636","0","7","3","110","35","58"
"publicpolygonfeature:5:63558","ZIP Code 94060","country:us/state:ca/zip:94060","94060","6","21","0","0","0","0","16","25","70","0","19","32","0","0","90","26","19","60","70","0","0","0","0","0","0"
"publicpolygonfeature:5:63559","ZIP Code 94061","country:us/state:ca/zip:94061","94061","1427","623","326","67","366","134","120","772","307","915","134","350","0","0","248","572","289","703","1092","15","54","19","93","5","51"
"publicpolygonfeature:5:63560","ZIP Code 94121","country:us/state:ca/zip:94121","94121","2213","1308","357","103","377","243","268","1204","476","860","126","613","29","0","304","71","351","791","1277","0","54","0","189","138","38"
"publicpolygonfeature:5:63561","ZIP Code 94062","country:us/state:ca/zip:94062","94062","1532","757","163","93","295","126","227","447","371","441","157","100","5","0","41","166","248","459","668","15","25","8","114","69","23"
"publicpolygonfeature:5:63562","ZIP Code 94122","country:us/state:ca/zip:94122","94122","2449","1425","892","329","561","202","267","1064","884","1801","386","534","56","14","394","123","778","1178","1494","34","7","19","255","38","27"
"publicpolygonfeature:5:63563","ZIP Code 94070","country:us/state:ca/zip:94070","94070","1528","966","456","161","413","173","376","618","192","508","89","240","0","8","247","35","354","504","807","8","0","11","4","5","56"
"publicpolygonfeature:5:63564","ZIP Code 94074","country:us/state:ca/zip:94074","94074","16","0","0","0","0","8","0","8","0","0","0","11","0","10","0","0","0","0","0","0","0","0","0","0","0"
"publicpolygonfeature:5:63565","ZIP Code 94080","country:us/state:ca/zip:94080","94080","1654","1419","435","253","335","245","348","884","225","1412","333","943","116","16","1003","643","669","1439","3666","43","67","0","366","253","372"
"publicpolygonfeature:5:63570","ZIP Code 94102","country:us/state:ca/zip:94102","94102","810","784","337","120","210","69","120","466","322","242","314","319","42","0","611","216","433","756","874","0","0","38","146","0","70"
"publicpolygonfeature:5:63571","ZIP Code 94103","country:us/state:ca/zip:94103","94103","1493","691","519","110","252","104","303","320","488","398","129","279","143","0","368","514","272","423","916","0","54","0","143","79","64"
"publicpolygonfeature:5:63572","ZIP Code 94104","country:us/state:ca/zip:94104","94104","0","5","0","0","0","0","0","8","0","0","0","0","0","0","0","0","0","0","31","0","0","0","0","0","0"
"publicpolygonfeature:5:63573","ZIP Code 94105","country:us/state:ca/zip:94105","94105","749","1209","806","89","84","37","194","216","203","294","103","44","0","0","7","44","15","314","406","0","0","0","0","0","11"
"publicpolygonfeature:5:63574","ZIP Code 94107","country:us/state:ca/zip:94107","94107","1758","1263","1100","192","589","49","311","680","641","780","114","469","31","0","202","10","146","658","502","0","0","29","68","66","36"
"publicpolygonfeature:5:63575","ZIP Code 94108","country:us/state:ca/zip:94108","94108","322","292","234","12","99","60","56","112","118","166","37","192","0","0","270","126","108","260","410","0","0","0","94","10","11"
"publicpolygonfeature:5:63576","ZIP Code 94109","country:us/state:ca/zip:94109","94109","2806","2878","749","265","695","164","750","839","769","835","153","564","231","0","413","304","605","1594","1879","0","0","18","158","8","184"
"publicpolygonfeature:5:63577","ZIP Code 94110","country:us/state:ca/zip:94110","94110","2735","1564","1236","406","504","507","643","1623","1237","1618","212","528","142","28","732","629","593","919","1482","53","56","0","132","154","231"
"publicpolygonfeature:5:63578","ZIP Code 94123","country:us/state:ca/zip:94123","94123","1836","1404","360","276","113","16","333","266","422","460","57","45","27","18","107","0","35","1013","537","0","0","0","142","0","0"
"publicpolygonfeature:5:63579","ZIP Code 94124","country:us/state:ca/zip:94124","94124","855","407","77","40","94","98","183","530","283","265","91","523","80","77","560","635","412","609","1147","13","24","0","87","232","86"
"publicpolygonfeature:5:63580","ZIP Code 94127","country:us/state:ca/zip:94127","94127","1053","440","268","101","116","68","177","336","186","433","48","247","0","37","97","22","138","204","434","0","0","0","0","13","0"
"publicpolygonfeature:5:63581","ZIP Code 94128","country:us/state:ca/zip:94128","94128","0","0","0","0","0","0","0","0","0","0","0","0","0","0","0","0","0","0","0","0","0","0","0","0","0"
"publicpolygonfeature:5:63582","ZIP Code 94129","country:us/state:ca/zip:94129","94129","118","145","31","8","0","0","45","237","80","42","0","22","0","0","58","0","66","35","95","0","10","0","0","25","0"
"publicpolygonfeature:5:63583","ZIP Code 94130","country:us/state:ca/zip:94130","94130","23","77","8","0","11","2","7","27","0","18","0","101","0","0","28","0","11","123","106","0","0","0","8","12","0"
"publicpolygonfeature:5:63584","ZIP Code 94131","country:us/state:ca/zip:94131","94131","1463","812","328","253","459","143","354","960","422","614","27","138","27","2","97","36","441","294","520","0","0","0","83","53","14"
"publicpolygonfeature:5:63585","ZIP Code 94132","country:us/state:ca/zip:94132","94132","656","632","253","67","308","66","60","683","93","523","67","189","14","0","415","137","327","649","917","17","0","49","61","119","100"
"publicpolygonfeature:5:63586","ZIP Code 94303","country:us/state:ca/zip:94303","94303","1335","737","688","394","261","52","286","869","125","446","311","619","82","4","1091","812","557","1102","959","28","0","43","175","93","139"
"publicpolygonfeature:5:63590","ZIP Code 94401","country:us/state:ca/zip:94401","94401","788","730","493","174","345","95","62","294","432","745","162","524","37","0","306","811","304","669","1182","17","0","24","60","41","255"
"publicpolygonfeature:5:63592","ZIP Code 94402","country:us/state:ca/zip:94402","94402","1173","852","304","86","283","117","143","494","206","475","133","234","0","6","156","147","305","668","474","0","0","9","76","42","18"
"publicpolygonfeature:5:63593","ZIP Code 94403","country:us/state:ca/zip:94403","94403","1655","1107","742","133","511","179","180","699","417","885","170","652","0","27","384","424","419","693","1387","27","0","0","28","124","223"
"publicpolygonfeature:5:63594","ZIP Code 94404","country:us/state:ca/zip:94404","94404","1379","990","1297","241","708","76","235","465","281","543","110","275","29","20","112","57","282","427","1010","0","15","0","74","28","0"
"publicpolygonfeature:5:63595","ZIP Code 94501","country:us/state:ca/zip:94501","94501","2357","1732","743","349","573","374","570","1466","822","891","441","814","53","90","777","176","576","1251","1750","25","13","0","266","103","124"
"publicpolygonfeature:5:63596","ZIP Code 94502","country:us/state:ca/zip:94502","94502","626","484","35","127","103","30","128","352","211","244","19","47","0","0","59","14","81","55","384","0","17","0","154","0","10"
"publicpolygonfeature:5:63598","ZIP Code 94509","country:us/state:ca/zip:94509","94509","1421","940","160","179","137","302","306","902","140","634","472","2033","279","0","1088","762","591","1644","2609","33","51","10","491","392","579"
"publicpolygonfeature:5:63599","ZIP Code 94505","country:us/state:ca/zip:94505","94505","550","177","57","62","9","152","40","175","47","246","121","122","0","21","214","38","138","298","808","0","0","0","11","6","0"
"publicpolygonfeature:5:63600","ZIP Code 94506","country:us/state:ca/zip:94506","94506","1050","723","294","108","137","77","72","474","100","286","101","107","0","0","45","0","141","592","445","0","0","0","45","11","9"
"publicpolygonfeature:5:63601","ZIP Code 94507","country:us/state:ca/zip:94507","94507","484","451","54","39","38","61","15","164","84","251","48","38","0","0","37","0","172","437","199","0","0","0","3","0","85"
"publicpolygonfeature:5:63605","ZIP Code 94511","country:us/state:ca/zip:94511","94511","18","0","0","0","0","0","0","0","0","27","20","0","0","0","0","0","0","47","0","0","0","0","0","0","0"
"publicpolygonfeature:5:63607","ZIP Code 94518","country:us/state:ca/zip:94518","94518","658","620","219","58","50","217","70","681","307","385","214","315","73","46","629","181","497","743","609","0","0","114","132","33","76"
"publicpolygonfeature:5:63608","ZIP Code 94519","country:us/state:ca/zip:94519","94519","584","213","83","13","35","185","22","295","38","205","148","454","0","0","176","98","267","379","764","9","0","21","111","0","13"
"publicpolygonfeature:5:63609","ZIP Code 94929","country:us/state:ca/zip:94929","94929","46","9","0","0","0","0","0","0","0","0","0","0","0","0","0","0","0","0","0","0","0","0","0","0","0"
"publicpolygonfeature:5:63610","ZIP Code 94513","country:us/state:ca/zip:94513","94513","1274","797","386","84","229","496","116","1681","272","1108","591","1335","90","88","630","98","540","1648","2799","0","67","0","246","33","94"
"publicpolygonfeature:5:63611","ZIP Code 94514","country:us/state:ca/zip:94514","94514","12","0","10","0","0","23","0","20","0","0","14","113","0","7","24","34","0","84","22","0","0","1","0","0","6"
"publicpolygonfeature:5:63612","ZIP Code 94566","country:us/state:ca/zip:94566","94566","1876","1150","730","257","156","111","117","910","263","1035","98","277","0","10","444","154","161","703","1217","0","0","12","184","0","79"
"publicpolygonfeature:5:63614","ZIP Code 94516","country:us/state:ca/zip:94516","94516","4","1","0","0","0","1","0","20","1","0","0","1","0","0","0","0","0","0","2","0","0","0","0","0","0"
"publicpolygonfeature:5:63615","ZIP Code 94517","country:us/state:ca/zip:94517","94517","514","170","53","6","23","89","14","365","47","285","0","56","0","9","94","5","136","214","408","0","0","5","7","0","7"
"publicpolygonfeature:5:63616","ZIP Code 94520","country:us/state:ca/zip:94520","94520","754","684","138","48","73","114","26","542","158","268","183","610","122","0","906","1050","479","484","1211","135","0","34","154","79","122"
"publicpolygonfeature:5:63617","ZIP Code 94521","country:us/state:ca/zip:94521","94521","1315","890","327","53","114","345","182","1278","189","830","176","552","41","7","484","52","396","1223","1677","20","0","0","60","138","81"
"publicpolygonfeature:5:63618","ZIP Code 94523","country:us/state:ca/zip:94523","94523","1296","1322","216","73","153","210","128","931","171","665","376","358","0","8","295","123","384","547","1200","0","7","45","8","65","127"
"publicpolygonfeature:5:63619","ZIP Code 94525","country:us/state:ca/zip:94525","94525","173","73","57","9","21","6","0","95","6","24","15","0","0","8","34","31","28","24","144","0","12","13","0","9","7"
"publicpolygonfeature:5:63621","ZIP Code 94526","country:us/state:ca/zip:94526","94526","1146","1114","197","44","108","131","282","682","214","693","120","116","0","0","67","39","90","950","788","0","0","0","31","0","11"
"publicpolygonfeature:5:63622","ZIP Code 94528","country:us/state:ca/zip:94528","94528","88","0","0","0","0","0","53","0","0","0","0","0","0","0","0","0","0","0","0","0","0","0","0","0","0"
"publicpolygonfeature:5:63623","ZIP Code 94530","country:us/state:ca/zip:94530","94530","804","571","458","107","519","308","110","808","332","512","120","177","4","14","220","130","258","376","936","0","8","0","148","1","49"
"publicpolygonfeature:5:63624","ZIP Code 94531","country:us/state:ca/zip:94531","94531","1436","966","295","121","122","313","115","721","149","731","435","837","255","97","550","162","532","1278","2194","0","13","25","182","63","271"
"publicpolygonfeature:5:63628","ZIP Code 94536","country:us/state:ca/zip:94536","94536","2121","1247","1519","601","620","362","271","1623","404","1154","401","913","44","13","504","125","316","956","1927","6","0","62","387","147","233"
"publicpolygonfeature:5:63630","ZIP Code 94538","country:us/state:ca/zip:94538","94538","1714","1357","1965","585","265","295","162","968","408","1050","308","1062","147","42","728","305","378","1242","2091","0","5","23","711","93","343"
"publicpolygonfeature:5:63631","ZIP Code 94539","country:us/state:ca/zip:94539","94539","1976","1362","2244","709","512","124","187","1060","331","513","223","315","12","0","139","46","136","671","986","13","17","19","171","10","80"
"publicpolygonfeature:5:63632","ZIP Code 94541","country:us/state:ca/zip:94541","94541","1598","1181","383","97","147","365","189","1031","166","935","620","1337","174","66","746","614","358","1522","2674","107","110","37","493","198","405"
"publicpolygonfeature:5:63633","ZIP Code 94542","country:us/state:ca/zip:94542","94542","463","357","72","0","129","147","101","351","103","219","126","122","0","5","186","89","111","184","700","0","0","0","65","7","47"
"publicpolygonfeature:5:63634","ZIP Code 94544","country:us/state:ca/zip:94544","94544","1760","1229","388","214","355","364","106","885","146","666","553","1418","154","12","1667","1154","350","1793","2896","0","109","18","1412","238","676"
"publicpolygonfeature:5:63635","ZIP Code 94545","country:us/state:ca/zip:94545","94545","863","493","216","13","85","81","120","474","135","441","203","674","27","16","427","198","411","527","1247","0","86","13","562","129","184"
"publicpolygonfeature:5:63636","ZIP Code 94546","country:us/state:ca/zip:94546","94546","1221","942","442","71","238","634","185","1143","236","683","252","936","113","0","447","177","495","720","1642","25","0","65","144","145","122"
"publicpolygonfeature:5:63637","ZIP Code 94547","country:us/state:ca/zip:94547","94547","813","541","203","121","209","310","65","425","102","489","414","503","0","7","229","129","176","625","1272","0","0","0","73","30","61"
"publicpolygonfeature:5:63638","ZIP Code 94548","country:us/state:ca/zip:94548","94548","0","0","34","0","0","0","0","25","0","0","0","74","0","0","18","0","15","38","24","0","0","0","0","0","0"
"publicpolygonfeature:5:63640","ZIP Code 94549","country:us/state:ca/zip:94549","94549","1611","681","145","55","111","129","136","677","204","577","62","63","75","0","86","0","110","678","636","0","0","0","39","42","61"
"publicpolygonfeature:5:63641","ZIP Code 94551","country:us/state:ca/zip:94551","94551","1146","861","473","124","289","163","139","1109","237","422","328","280","0","54","334","346","378","790","1216","0","0","31","112","113","167"
"publicpolygonfeature:5:63642","ZIP Code 94578","country:us/state:ca/zip:94578","94578","893","749","187","102","157","230","107","406","126","499","137","1204","59","24","663","409","457","431","2022","0","86","109","505","57","419"
"publicpolygonfeature:5:63643","ZIP Code 94550","country:us/state:ca/zip:94550","94550","2010","993","697","171","504","201","87","1355","239","904","69","406","28","70","435","90","650","1076","1313","18","20","0","176","47","144"
"publicpolygonfeature:5:63644","ZIP Code 94552","country:us/state:ca/zip:94552","94552","721","563","119","64","57","39","57","270","118","307","44","120","16","0","136","20","35","218","419","31","43","36","22","4","0"
"publicpolygonfeature:5:63645","ZIP Code 94553","country:us/state:ca/zip:94553","94553","1690","920","207","56","115","271","210","1130","190","869","214","566","53","0","628","206","633","1143","2029","0","19","0","230","66","193"
"publicpolygonfeature:5:63646","ZIP Code 94556","country:us/state:ca/zip:94556","94556","516","494","106","65","116","54","135","516","157","296","40","67","10","0","72","16","81","337","192","0","0","0","23","14","19"
"publicpolygonfeature:5:63649","ZIP Code 94560","country:us/state:ca/zip:94560","94560","1629","1189","1111","399","306","177","163","518","150","807","276","562","44","14","328","220","452","1129","1456","65","11","34","398","86","222"
"publicpolygonfeature:5:63650","ZIP Code 94561","country:us/state:ca/zip:94561","94561","1032","1084","78","270","43","241","98","1203","203","580","346","752","124","35","557","154","368","1034","2341","0","0","14","122","193","245"
"publicpolygonfeature:5:63651","ZIP Code 94563","country:us/state:ca/zip:94563","94563","684","462","197","48","219","65","235","494","211","439","37","98","27","0","50","23","152","132","185","0","5","0","0","11","11"
"publicpolygonfeature:5:63652","ZIP Code 94564","country:us/state:ca/zip:94564","94564","437","368","56","25","115","166","82","490","93","258","204","489","4","0","184","57","156","421","731","0","0","0","83","0","19"
"publicpolygonfeature:5:63653","ZIP Code 94565","country:us/state:ca/zip:94565","94565","2083","1081","532","97","149","461","407","1504","182","871","605","2554","218","59","1643","1455","1076","2730","3861","178","95","87","719","325","342"
"publicpolygonfeature:5:63655","ZIP Code 94568","country:us/state:ca/zip:94568","94568","2511","2257","2177","500","581","310","195","1478","408","1398","148","300","7","19","511","69","430","1314","1609","0","0","39","368","116","170"
"publicpolygonfeature:5:63656","ZIP Code 94569","country:us/state:ca/zip:94569","94569","0","0","0","0","0","0","0","10","0","0","0","0","0","0","0","0","0","32","0","0","11","0","0","0","0"
"publicpolygonfeature:5:63657","ZIP Code 94579","country:us/state:ca/zip:94579","94579","327","340","23","34","32","51","116","334","87","262","127","509","49","0","572","40","254","436","779","0","0","40","432","15","145"
"publicpolygonfeature:5:63659","ZIP Code 94572","country:us/state:ca/zip:94572","94572","148","86","46","85","44","31","15","126","0","78","45","95","0","38","138","50","166","191","437","0","13","0","69","0","0"
"publicpolygonfeature:5:63661","ZIP Code 94580","country:us/state:ca/zip:94580","94580","585","327","143","80","108","159","75","530","108","278","241","704","66","46","379","172","335","468","1728","18","0","19","438","97","324"
"publicpolygonfeature:5:63662","ZIP Code 94582","country:us/state:ca/zip:94582","94582","2105","1352","1531","225","194","189","124","993","187","752","158","292","63","0","301","0","230","1201","873","0","0","0","54","25","23"
"publicpolygonfeature:5:63664","ZIP Code 94575","country:us/state:ca/zip:94575","94575","0","4","0","9","0","4","0","0","31","0","0","3","0","0","16","0","13","16","64","0","0","0","0","0","27"
"publicpolygonfeature:5:63666","ZIP Code 94577","country:us/state:ca/zip:94577","94577","1132","889","409","194","254","261","221","921","323","389","197","765","183","34","706","217","394","1143","2214","38","0","28","535","98","254"
"publicpolygonfeature:5:63667","ZIP Code 94583","country:us/state:ca/zip:94583","94583","1617","849","546","170","139","144","35","1092","231","741","137","177","10","36","336","0","448","921","1061","22","0","26","167","133","114"
"publicpolygonfeature:5:63668","ZIP Code 94586","country:us/state:ca/zip:94586","94586","40","7","13","3","2","8","0","26","9","16","7","7","1","0","0","1","0","16","47","8","0","0","0","0","0"
"publicpolygonfeature:5:63669","ZIP Code 94587","country:us/state:ca/zip:94587","94587","1854","1648","986","284","364","298","80","863","299","1283","435","1491","44","8","617","243","580","807","2462","0","53","40","800","118","554"
"publicpolygonfeature:5:63671","ZIP Code 94595","country:us/state:ca/zip:94595","94595","408","338","27","17","61","75","35","412","134","299","13","93","20","0","20","37","81","395","260","0","0","0","31","0","0"
"publicpolygonfeature:5:63672","ZIP Code 94588","country:us/state:ca/zip:94588","94588","1250","861","718","276","303","109","236","607","136","570","46","196","0","0","253","49","168","695","837","53","35","0","43","23","35"
"publicpolygonfeature:5:63677","ZIP Code 94597","country:us/state:ca/zip:94597","94597","1004","724","185","93","83","99","139","564","280","462","146","132","11","57","263","83","492","530","603","9","0","30","30","55","77"
"publicpolygonfeature:5:63678","ZIP Code 94598","country:us/state:ca/zip:94598","94598","1199","681","220","101","102","177","249","395","254","511","38","72","51","88","178","16","236","539","463","0","0","0","92","17","55"
"publicpolygonfeature:5:63680","ZIP Code 94601","country:us/state:ca/zip:94601","94601","1188","475","115","109","148","259","128","784","325","336","67","736","76","24","719","738","680","1284","1522","55","25","32","694","106","313"
"publicpolygonfeature:5:63681","ZIP Code 94602","country:us/state:ca/zip:94602","94602","1439","751","194","268","242","336","156","751","286","566","158","393","87","19","289","186","331","674","1080","7","11","12","185","95","34"
"publicpolygonfeature:5:63682","ZIP Code 94603","country:us/state:ca/zip:94603","94603","564","258","68","19","7","207","26","434","34","166","193","652","67","13","700","632","386","835","1290","9","33","0","310","217","442"
"publicpolygonfeature:5:63683","ZIP Code 94605","country:us/state:ca/zip:94605","94605","1951","1132","307","157","124","404","379","957","608","751","42","610","186","60","405","289","199","678","1400","45","48","28","230","163","303"
"publicpolygonfeature:5:63684","ZIP Code 94606","country:us/state:ca/zip:94606","94606","1386","848","307","135","239","414","110","1023","465","481","203","744","78","11","718","373","559","771","1320","0","0","0","262","62","234"
"publicpolygonfeature:5:63685","ZIP Code 94607","country:us/state:ca/zip:94607","94607","1054","606","371","198","304","291","187","602","516","296","80","646","70","85","392","134","241","908","541","57","0","0","155","51","53"
"publicpolygonfeature:5:63686","ZIP Code 94608","country:us/state:ca/zip:94608","94608","1582","1122","577","300","598","182","196","1192","750","819","63","390","84","9","344","21","231","731","804","5","84","4","162","34","154"
"publicpolygonfeature:5:63687","ZIP Code 94609","country:us/state:ca/zip:94609","94609","1425","566","419","111","233","242","315","527","568","419","67","371","37","9","200","134","192","624","496","0","122","0","15","24","148"
"publicpolygonfeature:5:63688","ZIP Code 94610","country:us/state:ca/zip:94610","94610","2363","1348","224","208","385","291","446","1085","681","737","43","313","79","39","157","31","283","484","888","0","0","0","50","101","55"
"publicpolygonfeature:5:63689","ZIP Code 94611","country:us/state:ca/zip:94611","94611","1990","1492","324","318","480","417","493","949","812","1017","96","159","30","23","230","52","322","720","816","0","0","0","174","110","38"
"publicpolygonfeature:5:63690","ZIP Code 94612","country:us/state:ca/zip:94612","94612","710","347","227","57","153","186","159","345","262","377","87","316","57","0","139","217","212","370","559","0","0","0","17","0","89"
"publicpolygonfeature:5:63691","ZIP Code 94613","country:us/state:ca/zip:94613","94613","5","0","0","0","0","3","0","26","24","0","0","0","22","0","12","0","0","27","12","0","0","0","0","0","0"
"publicpolygonfeature:5:63692","ZIP Code 94618","country:us/state:ca/zip:94618","94618","754","582","187","39","191","184","415","344","309","482","28","77","5","0","83","9","155","391","177","0","0","9","13","59","0"
"publicpolygonfeature:5:63693","ZIP Code 94619","country:us/state:ca/zip:94619","94619","992","859","186","40","214","177","226","570","361","447","97","131","35","0","56","180","211","571","762","4","0","22","283","14","123"
"publicpolygonfeature:5:63694","ZIP Code 94621","country:us/state:ca/zip:94621","94621","469","309","87","0","0","190","29","352","22","18","146","1064","121","0","399","705","248","491","1090","61","0","0","210","178","261"
"publicpolygonfeature:5:63695","ZIP Code 94702","country:us/state:ca/zip:94702","94702","739","418","69","62","288","152","239","556","198","278","40","323","48","0","129","29","194","269","361","0","0","0","0","33","29"
"publicpolygonfeature:5:63696","ZIP Code 94703","country:us/state:ca/zip:94703","94703","1029","396","292","207","476","195","188","898","281","300","25","206","0","0","162","68","182","291","520","16","0","19","84","70","44"
"publicpolygonfeature:5:63697","ZIP Code 94704","country:us/state:ca/zip:94704","94704","894","300","354","83","241","165","84","789","401","30","39","102","67","10","407","53","330","226","1012","35","0","18","28","0","49"
"publicpolygonfeature:5:63698","ZIP Code 94705","country:us/state:ca/zip:94705","94705","430","345","157","45","271","76","129","483","287","415","43","67","14","0","106","54","137","241","242","0","0","5","54","7","17"
"publicpolygonfeature:5:63699","ZIP Code 94706","country:us/state:ca/zip:94706","94706","527","614","206","201","415","229","189","731","473","426","50","105","7","0","193","24","173","301","417","8","0","24","53","17","0"
"publicpolygonfeature:5:63700","ZIP Code 94708","country:us/state:ca/zip:94708","94708","617","149","90","59","289","61","87","288","245","326","32","29","0","3","96","24","65","132","185","7","5","9","0","0","0"
"publicpolygonfeature:5:63701","ZIP Code 94709","country:us/state:ca/zip:94709","94709","440","227","111","45","222","100","62","762","251","112","2","97","31","0","190","0","138","176","324","0","32","0","15","0","29"
"publicpolygonfeature:5:63702","ZIP Code 94710","country:us/state:ca/zip:94710","94710","227","169","116","59","171","30","68","345","214","69","0","27","11","0","74","0","133","141","195","0","29","0","77","25","25"
"publicpolygonfeature:5:63703","ZIP Code 94720","country:us/state:ca/zip:94720","94720","32","80","0","17","86","35","0","230","40","0","17","75","15","0","182","6","22","102","360","0","0","12","0","0","40"
"publicpolygonfeature:5:63704","ZIP Code 94801","country:us/state:ca/zip:94801","94801","608","248","63","13","64","140","36","590","186","83","47","854","47","4","549","842","282","968","886","89","19","20","175","102","321"
"publicpolygonfeature:5:63705","ZIP Code 94803","country:us/state:ca/zip:94803","94803","784","450","80","38","106","179","49","587","234","246","99","539","31","20","440","256","368","414","1200","13","0","5","76","91","87"
"publicpolygonfeature:5:63706","ZIP Code 94804","country:us/state:ca/zip:94804","94804","1083","356","65","115","291","471","142","703","225","424","127","785","88","52","944","784","637","723","1667","35","118","0","395","115","242"
"publicpolygonfeature:5:63707","ZIP Code 94805","country:us/state:ca/zip:94805","94805","496","215","47","17","119","89","83","396","228","145","108","206","51","32","72","136","226","287","850","0","0","6","163","9","34"
"publicpolygonfeature:5:63708","ZIP Code 94806","country:us/state:ca/zip:94806","94806","1284","601","216","82","52","424","137","1024","246","488","420","1228","128","12","970","1156","669","1442","2072","21","30","24","329","404","320"
"publicpolygonfeature:5:63710","ZIP Code 94901","country:us/state:ca/zip:94901","94901","1135","714","165","60","155","147","156","976","267","511","49","633","25","12","419","612","590","788","1341","46","51","0","271","167","0"
"publicpolygonfeature:5:63712","ZIP Code 94903","country:us/state:ca/zip:94903","94903","1424","718","188","62","172","150","276","698","263","369","49","199","0","0","232","160","426","702","902","0","0","0","67","66","191"
"publicpolygonfeature:5:63713","ZIP Code 94904","country:us/state:ca/zip:94904","94904","645","459","11","69","126","40","72","85","103","290","158","48","14","10","55","9","177","323","372","0","0","0","35","12","28"
"publicpolygonfeature:5:63714","ZIP Code 94920","country:us/state:ca/zip:94920","94920","584","353","35","90","191","13","95","147","22","193","25","46","0","0","12","26","192","154","290","12","0","0","0","20","0"
"publicpolygonfeature:5:63718","ZIP Code 94924","country:us/state:ca/zip:94924","94924","43","10","0","6","0","0","17","24","26","15","0","0","0","0","34","0","21","0","38","8","0","0","0","0","0"
"publicpolygonfeature:5:63719","ZIP Code 94925","country:us/state:ca/zip:94925","94925","647","368","18","0","0","69","220","228","22","262","0","0","0","0","13","29","67","146","162","0","0","0","22","18","33"
"publicpolygonfeature:5:63720","ZIP Code 94930","country:us/state:ca/zip:94930","94930","332","304","61","32","75","94","52","188","148","216","26","23","28","0","58","11","214","165","185","0","0","10","4","0","6"
"publicpolygonfeature:5:63722","ZIP Code 94933","country:us/state:ca/zip:94933","94933","0","32","16","0","0","7","0","65","0","44","0","7","0","0","0","0","0","0","20","0","0","0","0","0","0"
"publicpolygonfeature:5:63723","ZIP Code 94940","country:us/state:ca/zip:94940","94940","16","0","0","0","0","0","0","0","0","0","0","0","0","0","0","0","0","0","60","0","0","0","0","0","0"
"publicpolygonfeature:5:63725","ZIP Code 94937","country:us/state:ca/zip:94937","94937","44","0","0","0","0","0","0","57","0","25","0","0","19","0","0","24","0","83","0","0","0","0","0","0","0"
"publicpolygonfeature:5:63726","ZIP Code 94938","country:us/state:ca/zip:94938","94938","0","0","0","0","0","0","0","52","49","24","0","0","0","0","0","0","0","0","0","0","0","0","0","0","0"
"publicpolygonfeature:5:63727","ZIP Code 94939","country:us/state:ca/zip:94939","94939","253","124","54","0","105","50","11","102","94","102","0","17","0","0","0","71","290","217","303","0","0","0","21","0","0"
"publicpolygonfeature:5:63729","ZIP Code 94941","country:us/state:ca/zip:94941","94941","1398","796","240","48","190","167","316","581","580","724","80","250","97","40","202","16","369","780","345","7","0","0","67","31","20"
"publicpolygonfeature:5:63730","ZIP Code 94945","country:us/state:ca/zip:94945","94945","632","228","43","36","62","50","62","221","282","265","83","215","21","0","161","157","164","290","641","13","5","0","56","0","60"
"publicpolygonfeature:5:63732","ZIP Code 94946","country:us/state:ca/zip:94946","94946","52","14","3","5","0","3","8","28","19","17","8","5","0","3","20","2","2","29","8","0","0","0","0","3","0"
"publicpolygonfeature:5:63733","ZIP Code 94947","country:us/state:ca/zip:94947","94947","864","257","113","0","133","140","41","400","179","390","114","314","40","0","227","167","286","424","798","0","25","0","54","180","83"
"publicpolygonfeature:5:63734","ZIP Code 94949","country:us/state:ca/zip:94949","94949","439","282","117","7","17","99","12","399","126","260","162","208","0","8","99","173","178","413","867","13","0","0","11","25","100"
"publicpolygonfeature:5:63735","ZIP Code 94950","country:us/state:ca/zip:94950","94950","8","0","0","0","0","0","0","0","0","0","0","0","0","0","0","0","0","3","0","0","0","0","0","0","0"
"publicpolygonfeature:5:63736","ZIP Code 94952","country:us/state:ca/zip:94952","94952","1050","795","114","105","64","320","61","833","536","466","214","314","29","64","370","225","370","562","1248","78","18","4","200","23","248"
"publicpolygonfeature:5:63739","ZIP Code 94960","country:us/state:ca/zip:94960","94960","755","348","95","41","77","132","47","460","223","395","5","0","0","0","192","0","238","391","377","0","0","0","35","12","0"
"publicpolygonfeature:5:63740","ZIP Code 94963","country:us/state:ca/zip:94963","94963","39","39","0","0","0","20","0","0","0","0","0","0","0","0","0","0","0","0","32","0","0","0","0","0","0"
"publicpolygonfeature:5:63741","ZIP Code 94964","country:us/state:ca/zip:94964","94964","0","0","0","0","0","0","0","0","0","0","0","0","0","0","0","68","0","0","0","0","0","0","0","0","0"
"publicpolygonfeature:5:63743","ZIP Code 94956","country:us/state:ca/zip:94956","94956","0","0","0","13","0","24","0","36","70","0","0","15","0","0","26","40","0","32","11","0","0","0","0","0","0"
"publicpolygonfeature:5:63744","ZIP Code 94957","country:us/state:ca/zip:94957","94957","121","77","10","12","2","0","84","53","16","0","2","0","0","20","0","0","48","22","51","0","0","0","0","0","0"
"publicpolygonfeature:5:63745","ZIP Code 94965","country:us/state:ca/zip:94965","94965","923","217","97","84","85","117","51","297","233","249","0","192","0","0","81","9","120","604","222","0","3","32","1","50","19"
"publicpolygonfeature:5:63746","ZIP Code 94970","country:us/state:ca/zip:94970","94970","0","0","0","0","0","0","0","18","0","0","0","0","0","0","0","0","0","23","0","0","0","0","0","0","0"
"publicpolygonfeature:5:63747","ZIP Code 94971","country:us/state:ca/zip:94971","94971","20","0","0","0","0","5","0","12","25","0","0","0","0","0","0","0","0","0","0","0","0","0","0","0","0"
"publicpolygonfeature:5:63749","ZIP Code 94973","country:us/state:ca/zip:94973","94973","94","0","0","0","85","103","0","74","146","0","0","0","0","0","60","0","0","0","77","0","0","0","0","0","0"
"publicpolygonfeature:5:63826","ZIP Code 95219","country:us/state:ca/zip:95219","95219","652","387","34","46","164","234","56","515","194","699","121","416","47","0","516","62","266","619","1568","0","0","0","235","81","116"
"publicpolygonfeature:5:63933","ZIP Code 95391","country:us/state:ca/zip:95391","95391","356","488","338","35","139","106","0","643","23","541","253","317","56","0","78","14","351","359","415","0","0","0","121","21","71"
"publicpolygonfeature:5:6701475","ZIP Code 94188","country:us/state:ca/zip:94188","94188","0","0","0","0","0","0","0","0","0","0","0","0","0","0","0","0","0","0","0","0","0","0","0","0","0"
"publicpolygonfeature:5:6702208","ZIP Code 94018","country:us/state:ca/zip:94018","94018","82","81","114","53","0","0","0","268","57","141","20","10","0","0","42","19","57","67","16","0","0","0","0","0","0"
"publicpolygonfeature:22:928646","San Francisco-Oakland-Fremont, CA Area","country:us/state:ca/msa:san_francisco-oakland-fremont","41860","160555","106763","52700","18959","32635","24807","24017","93723","39746","75372","21816","60391","6629","2259","48981","31647","43671","92689","145333","2161","2020","1769","22704","9923","16107"